accountNumber,interest
3077646472,0.02
8099351234,0.04
5971815374,0.04
7474114662,0.02
6153760965,0.02
4373906912,0.02
9277619174,0.03
1161213704,0.03
2427680909,0.02
9759196637,0.01
7016770775,0.04
5227459870,0.01
3964531899,0.02
7719468129,0.02
8025769440,0.02
7443974204,0.02
6250823744,0.01
3564199966,0.05
1455077071,0.05
9392399793,0.04
2267846166,0.02
4161762061,0.03
2479335579,0.04
1151959730,0.04
7685497761,0.03
7879639541,0.02
8421332881,0.03
6378745090,0.02
1820604273,0.02
4959779515,0.03
8666807418,0.04
6313010384,0.01
9333790907,0.01
3504033022,0.02
9237408115,0.02
4460789514,0.03
5558732137,0.05
6356701184,0.03
2578381878,0.01
1704436712,0.02
9114357505,0.01
8195599937,0.02
3606219393,0.02
2952664747,0.05
6524874751,0.01
6710979004,0.03
2237512128,0.04
2649561446,0.01
2649560780,0.02
8553781724,0.01
1988184704,0.03
7782295546,0.04
9350492036,0.01
2371572670,0.04
9456204514,0.02
6007939022,0.01
9804849262,0.03
6370299026,0.04
6203735367,0.02
1011109536,0.01
1041874206,0.02
6895102455,0.03
4960715393,0.03
4557419567,0.03
1120491633,0.04
9527865850,0.03
2040056842,0.04
2668498550,0.03
9332692712,0.05
4286710067,0.05
3079304712,0.04
6976835124,0.04
6839271873,0.05
8475155216,0.04
5454051062,0.03
2546908859,0.02
7517159541,0.04
4559014445,0.03
6136133781,0.02
9042061506,0.03
1008019612,0.02
2970287477,0.04
3900870292,0.02
4366304716,0.04
4289432762,0.02
1370702662,0.01
4704060649,0.04
2873669759,0.03
9148128896,0.02
8421133997,0.02
1377001444,0.01
6380023131,0.03
2721798630,0.04
4685842839,0.01
7211736590,0.04
7096993275,0.03
8516786465,0.04
7868815833,0.04
7753091009,0.03
2147233218,0.03
5628829482,0.01
5083442531,0.02
6447931617,0.02
9223723917,0.05
6106061683,0.03
8026294960,0.02
5874401886,0.05
8742222557,0.02
2865623560,0.03
6440657621,0.04
1431726099,0.03
3953489813,0.04
4402302012,0.01
3032349802,0.04
6866651556,0.01
1336962157,0.01
5209876346,0.03
1373441899,0.02
7658937928,0.03
6643370813,0.02
8224690501,0.03
5518681963,0.04
7107437174,0.02
9562613305,0.03
3797594904,0.02
8544146956,0.02
8192556412,0.04
8540230691,0.04
6524642705,0.02
4110280688,0.02
4302419916,0.02
9143001244,0.02
1820461336,0.03
9771806716,0.03
6143781961,0.04
5333858059,0.03
6434183161,0.05
5795325536,0.01
7648962826,0.03
4824843325,0.04
6062532343,0.03
2030471407,0.04
2123286824,0.03
1533741279,0.03
5859250582,0.03
7472152440,0.05
9293799848,0.04
9622608718,0.03
6483044471,0.03
7052867474,0.03
8640330660,0.05
6128288445,0.03
2390408679,0.03
3493983249,0.04
8615039566,0.04
1696226218,0.04
9711625945,0.02
3252614632,0.01
5013676421,0.04
3120009668,0.02
4068402537,0.02
1414778337,0.02
7191410021,0.01
6365031245,0.04
6731842132,0.05
2930068276,0.05
2504384846,0.01
5989523352,0.03
5228230879,0.05
7524444760,0.02
9931047732,0.02
3896688807,0.03
7342728260,0.03
9475994583,0.04
8771055515,0.02
9687869276,0.03
8292190451,0.02
6577092977,0.03
4169143875,0.05
3424661257,0.03
4330992491,0.04
5529474495,0.03
1157127331,0.02
6843846228,0.01
2101826361,0.04
6745095813,0.01
5907236003,0.01
3659137551,0.01
6166174556,0.04
9875466803,0.02
9746608570,0.05
3151150265,0.05
4257806471,0.05
8719111250,0.02
1686946729,0.04
5736268842,0.03
6707856858,0.03
9845213797,0.02
2581584643,0.02
4787832043,0.04
1829580546,0.04
3865882948,0.02
8240893646,0.03
2815117579,0.02
6150904358,0.02
5950027163,0.04
6331593551,0.04
7768236118,0.04
2193285173,0.05
4505713361,0.01
3152238982,0.05
4905335924,0.04
7026961143,0.01
2863319215,0.05
3094793979,0.02
1145360084,0.01
4926321241,0.02
5332959166,0.03
6896184413,0.03
5655858209,0.02
4980501425,0.03
3278657829,0.01
1076577922,0.04
8453009215,0.03
7574351281,0.03
5387496079,0.04
8425181903,0.02
6921595429,0.02
1478908929,0.02
8829442049,0.05
9565503201,0.03
1258684259,0.03
3421774255,0.03
3935965993,0.02
2435642803,0.04
5000442283,0.04
6113062376,0.02
5848690948,0.02
8441224375,0.03
1001388391,0.03
9651924591,0.04
5791034062,0.02
8055743829,0.04
2973639622,0.01
9280582754,0.04
3955368320,0.04
4740467882,0.03
1163443330,0.05
7010236759,0.01
5405671261,0.05
9140528600,0.03
6949685155,0.03
1898063620,0.04
1534555199,0.01
8375722023,0.05
5315474742,0.01
4121008825,0.04
7255994485,0.04
9140391018,0.01
5999524239,0.02
2314090572,0.05
6378531056,0.04
3599081028,0.02
1785544237,0.03
9541553955,0.03
2888585675,0.04
8679915884,0.02
3001475675,0.05
8131152951,0.02
2914933524,0.02
9189679823,0.02
5427924907,0.03
6520165585,0.03
8643248977,0.05
6222066119,0.02
5526811987,0.03
3617444929,0.03
9740620772,0.01
7025589280,0.02
2772178555,0.02
3644534291,0.04
9185048656,0.02
2468421410,0.01
3542098737,0.03
3350328404,0.03
5662484678,0.03
6330768421,0.02
8005091206,0.05
6693319703,0.03
9937737193,0.04
4020097263,0.03
1838002271,0.01
2330620711,0.04
6301580675,0.05
4279730803,0.01
9452500297,0.04
3488877661,0.04
5517335486,0.01
1775303535,0.05
6122848127,0.05
6295761446,0.04
6221946838,0.04
3531627175,0.02
7030004525,0.03
4045008793,0.03
2768748148,0.03
9080852294,0.02
9677033051,0.03
3499326091,0.01
9720862111,0.01
1911833143,0.04
5546374113,0.02
6323562495,0.04
1269800975,0.03
1784043962,0.02
5226843113,0.03
3593716337,0.05
8347215283,0.05
5116106861,0.01
6771261317,0.03
3045507984,0.03
5776477474,0.04
5120538201,0.03
4992887963,0.01
9707891777,0.01
9277502422,0.02
9993756149,0.04
5245068042,0.05
3922688866,0.03
4718765328,0.04
7049621961,0.02
3164645652,0.03
5325576279,0.04
1305515608,0.03
7144194833,0.02
9594413801,0.03
4765652631,0.03
6918664334,0.04
3183948896,0.03
5472526711,0.05
5745579663,0.04
4703012347,0.02
9859599968,0.03
1191314131,0.02
1490758992,0.04
3353618042,0.05
6240110468,0.04
1208446389,0.04
4781990526,0.04
1554181341,0.02
5746752667,0.04
9343155879,0.02
8743058326,0.05
7047678514,0.04
3174036440,0.03
9851284456,0.04
2903585082,0.05
2274298219,0.02
4024430468,0.05
8504685623,0.01
5443342713,0.05
8900540715,0.01
2412965410,0.03
1397178209,0.04
6323755624,0.03
4218527102,0.04
4929131397,0.02
1175954987,0.03
8801443700,0.02
7740711935,0.02
3488331249,0.03
9808038532,0.01
4057225566,0.04
6180155415,0.01
7357328896,0.04
2633143139,0.05
3954295864,0.05
7693752442,0.02
6092895339,0.03
2514956489,0.03
6300450054,0.02
1383406273,0.05
6472094652,0.02
6085922393,0.03
6220885256,0.03
5146322906,0.01
9803435171,0.01
2296508852,0.03
7871787088,0.05
4992921112,0.01
9903001757,0.02
1714077283,0.03
3092968823,0.03
7194407248,0.03
8948734770,0.04
4391804715,0.03
7652585261,0.04
6814680632,0.01
9675578772,0.01
9398816632,0.03
5038013934,0.02
9178227665,0.04
6207415766,0.04
7400809573,0.03
9553412210,0.04
4408666590,0.04
9625608896,0.02
5780779300,0.05
5688816700,0.02
2231413369,0.04
6676637522,0.05
8440374478,0.02
1139779162,0.04
3781395998,0.03
4461910348,0.02
6041553527,0.03
3025295987,0.01
3602026798,0.04
6360475467,0.01
3220688023,0.03
9900315018,0.02
7737760671,0.04
1585526859,0.03
3894974044,0.04
8721058577,0.04
9305283645,0.03
1644080520,0.02
9853679683,0.04
2642645727,0.03
1494533552,0.02
1537971889,0.04
3771036675,0.03
7273936130,0.05
1830925623,0.02
6141341200,0.04
2843083284,0.04
6652807432,0.01
8907088796,0.03
2729405635,0.03
8124155403,0.02
1012418917,0.03
4445707272,0.02
2441127698,0.01
5820200490,0.02
9492024491,0.03
7728729413,0.01
9849933769,0.03
6612372142,0.03
4879034786,0.01
5319046112,0.05
1542322026,0.04
4160732265,0.02
2351935983,0.04
6543498934,0.04
9369755853,0.03
3552161413,0.03
4942144748,0.04
2661721653,0.03
6553699798,0.02
1431995555,0.03
3104350690,0.01
7533314804,0.04
1652416783,0.02
6590920063,0.03
8402210850,0.02
2820226430,0.01
8707716854,0.04
5608188410,0.03
4402987759,0.04
2853560184,0.04
6440664922,0.03
4447843674,0.02
4999514513,0.03
7090254030,0.01
9388880102,0.05
3263043079,0.02
8438381952,0.02
8018403893,0.03
6808824735,0.03
4807067076,0.04
1646754549,0.03
8788222414,0.03
1837731016,0.03
3996813953,0.03
7708524719,0.04
9475428574,0.03
3829863154,0.03
9224724641,0.04
6907607185,0.04
4641020568,0.04
4674742065,0.01
1514512937,0.05
9004880245,0.03
5900226056,0.01
4834303527,0.05
3302819761,0.03
9809201598,0.02
1912052874,0.03
2905558146,0.04
8478632298,0.03
6352727246,0.02
2356684451,0.04
8752489376,0.04
7507349463,0.04
6316789660,0.03
9850763038,0.04
5593014787,0.04
7912804593,0.05
4585987265,0.03
4783322123,0.05
4943959427,0.02
6861353631,0.03
8225109398,0.01
9310817670,0.03
9401162899,0.05
8794347666,0.05
6750680537,0.03
5562587543,0.02
7750011205,0.02
7335229567,0.01
5261755327,0.05
9778012465,0.03
2089257661,0.03
9821839159,0.01
5809752453,0.03
3912471776,0.02
6439828558,0.03
4866671456,0.04
1250964966,0.04
6972306965,0.03
4069267846,0.04
8945901095,0.04
8139536739,0.04
3890237781,0.04
9728225396,0.04
4577274715,0.04
1159940179,0.02
4556704391,0.02
8885820667,0.02
9428929830,0.04
1813400625,0.04
1874180476,0.03
5027238007,0.04
2299412621,0.02
4195987984,0.02
8175634063,0.05
2484686776,0.02
6629612105,0.03
3687913178,0.02
6764004152,0.04
7295764286,0.04
7409506437,0.03
3949820011,0.04
3522852383,0.04
9027706183,0.03
7102604422,0.03
5903200426,0.02
8925964778,0.02
9295260570,0.03
3722218593,0.02
8864261739,0.02
3642574730,0.04
3614741331,0.03
1835953283,0.05
5717376322,0.01
1932724006,0.05
3565859160,0.04
1931041494,0.03
4416699884,0.02
4623370972,0.03
5490331478,0.03
9339664542,0.04
2318020591,0.03
8049947920,0.02
1337304054,0.05
4055240372,0.01
8970892648,0.02
1323801195,0.04
3554511052,0.03
2634943968,0.04
7699446541,0.03
6467127115,0.01
3686320312,0.03
1842912421,0.02
6466841957,0.02
1946832130,0.01
3191035720,0.04
5364603657,0.03
4090446790,0.03
2300224777,0.04
9741003571,0.02
7738820560,0.02
6619048402,0.03
8904476793,0.04
6138918247,0.04
6445722883,0.02
7353492842,0.04
6851905023,0.01
1241206485,0.04
6719579349,0.05
7149519055,0.02
4052340267,0.02
2389367487,0.04
4412985511,0.02
9399669189,0.02
4861776636,0.02
9450265710,0.04
4786361040,0.04
9504578270,0.03
9849497176,0.03
3333086800,0.02
6575291030,0.05
5560120023,0.02
7035244138,0.03
3465366408,0.02
7759335527,0.01
9997948568,0.05
5735946709,0.02
6781460935,0.04
5482075948,0.02
8588985707,0.01
5954097088,0.05
3042537534,0.03
5813695225,0.03
4549372838,0.03
3182650656,0.05
3087448473,0.03
1949968302,0.01
2489615243,0.05
3196724805,0.02
8992500565,0.03
9566765014,0.04
6266989836,0.03
1718620095,0.02
3760673786,0.02
2559460744,0.03
1401983579,0.05
3617946467,0.04
9842215062,0.03
6712247354,0.04
6113688479,0.02
4413446707,0.02
2589900838,0.03
2859421733,0.04
3393010929,0.05
9749899745,0.05
5238776447,0.03
2259241164,0.05
2074677777,0.02
5113031531,0.04
9854847505,0.02
9029320768,0.05
2529010714,0.02
9753400996,0.05
7243725980,0.04
4386556089,0.04
8293627082,0.02
6624945604,0.05
6871537251,0.05
9838725376,0.03
2195848031,0.03
9991760993,0.04
6922713820,0.05
8724243718,0.03
9662962681,0.02
9974138677,0.05
3053915196,0.05
2488322684,0.03
6388247785,0.04
9149182494,0.03
5338434816,0.02
4037727388,0.01
2025454835,0.04
1815395717,0.02
5865541520,0.02
8853034080,0.05
7534960808,0.04
4696941387,0.02
7015991121,0.04
5559214925,0.01
1245365446,0.03
3975814727,0.03
7345938972,0.05
7425549715,0.01
8309480928,0.03
9534708884,0.01
3095133959,0.04
6809017389,0.01
6392262616,0.02
8549201892,0.02
1722762493,0.02
1574266078,0.01
1538607457,0.02
8895965834,0.03
5307624943,0.04
5741502770,0.03
2330518958,0.01
5527137176,0.03
2210236521,0.02
2041561937,0.03
8774579088,0.01
6988881828,0.05
4787515477,0.03
7463596467,0.03
8041318092,0.01
5256065585,0.02
5346981865,0.05
6798258398,0.05
1499782770,0.02
9171273444,0.05
2119138409,0.03
4324368570,0.04
6423283004,0.02
3218600179,0.05
4530705795,0.01
8390192011,0.01
6038390068,0.01
8940554839,0.03
2732979226,0.03
4330059839,0.02
6300357961,0.03
4223166168,0.04
7321297736,0.01
1114032050,0.01
6534412640,0.02
6097589859,0.04
9476418385,0.02
4585664362,0.02
9357649588,0.02
6574328590,0.05
6112203694,0.01
6248848647,0.03
8574766013,0.03
5229409861,0.01
7767170550,0.03
6548370941,0.05
2306847507,0.04
9092300449,0.03
3312454068,0.01
8536097213,0.02
1585443164,0.02
6500076027,0.04
6094034474,0.03
5954057963,0.03
2897546653,0.04
1075502638,0.03
8067936720,0.03
6514216639,0.05
9783501949,0.02
3757164332,0.03
6781193730,0.04
9289045708,0.05
5354436409,0.02
8402495748,0.03
6704813624,0.03
6307470574,0.03
5128411516,0.02
9928036072,0.04
4934962245,0.02
8397602779,0.03
9947321612,0.03
8098539636,0.04
9712035491,0.01
9242956529,0.01
4942315642,0.03
3098027998,0.03
1579711512,0.05
5518194713,0.04
2357408273,0.03
5291739510,0.01
4105403112,0.02
3183044516,0.03
8903550445,0.03
7501619078,0.04
8138849410,0.04
3373210598,0.03
3151339422,0.03
1705490257,0.02
9867632762,0.05
9123542218,0.04
9434129512,0.03
9123223513,0.02
3236546104,0.02
3562257350,0.02
5250297676,0.03
1758449573,0.02
7025758370,0.05
3716690003,0.04
9578420557,0.04
5922667092,0.04
9263329642,0.05
1632361944,0.04
7453548860,0.01
4463519055,0.04
8928166778,0.03
3384218445,0.01
6302835195,0.04
2934073208,0.03
6637017668,0.03
9804465594,0.02
8466249633,0.02
2781202169,0.01
2155574332,0.04
4677458415,0.01
5854688808,0.03
4491868764,0.03
5208722893,0.04
4257988659,0.01
5571760572,0.04
3499534286,0.04
6275381312,0.04
6966995152,0.02
8253817249,0.01
1201440555,0.05
7168106794,0.05
2643002001,0.04
5052466888,0.03
9521903927,0.02
2667333679,0.03
6782625485,0.04
8239318333,0.02
5083540155,0.03
6927692433,0.01
5223109763,0.05
9980573059,0.05
3449841836,0.05
7435825796,0.01
9318614603,0.03
8193362470,0.04
9331978700,0.04
9963328321,0.01
5028180264,0.04
1860193626,0.05
2537834645,0.04
4882930138,0.04
5062463094,0.04
4081637508,0.02
4803395950,0.01
5916178165,0.03
8102394950,0.02
2555160313,0.01
9900437001,0.02
7827764304,0.02
4214963505,0.03
2199590598,0.05
1461813842,0.05
9125308216,0.03
8479725423,0.04
9290318925,0.05
3243444991,0.02
2700708770,0.02
5676417892,0.04
9990549514,0.04
7004250075,0.02
2515549797,0.05
8254767339,0.04
7648681805,0.04
5873748196,0.01
4149045360,0.04
2858161381,0.04
2696564666,0.02
3174565403,0.03
2606358239,0.02
1714074968,0.02
4229603839,0.02
6209422411,0.01
9833209697,0.03
7024351713,0.03
7795137618,0.03
9595657299,0.05
1350567886,0.04
2640238329,0.04
3445399917,0.02
8645179664,0.04
4603976697,0.04
7369951505,0.02
5220394158,0.04
3663323226,0.04
3895217178,0.02
5259347603,0.01
8607050134,0.04
2826844870,0.02
6878252962,0.01
5313071173,0.04
3959245260,0.01
5111198126,0.03
2951889792,0.04
4996708364,0.03
8932097811,0.02
4157041980,0.04
5656268394,0.04
3151610732,0.04
9981365146,0.05
3014306174,0.04
4460576679,0.03
5652967000,0.01
1538141532,0.03
2894987583,0.05
2533167345,0.04
8504417007,0.04
4389231893,0.04
8053267282,0.05
6031861373,0.05
8797270476,0.03
8860703023,0.02
9620494708,0.03
7038434551,0.02
6859552746,0.04
2087605725,0.04
7264631332,0.01
8838738758,0.03
1854194507,0.05
9459330725,0.01
5364348758,0.03
6540716331,0.04
2379898071,0.01
2930288487,0.02
5876594055,0.02
7433020515,0.04
5646921269,0.02
9407436392,0.03
9553626005,0.04
5293648591,0.02
6206408619,0.05
8176544803,0.04
6509786088,0.03
9181267136,0.03
1697463862,0.05
3569259374,0.05
5653846071,0.03
9697580424,0.04
3926198361,0.03
2601648608,0.02
5467933112,0.05
1151662794,0.01
7327278329,0.02
4018689394,0.01
8435247162,0.01
7544152606,0.03
2456056141,0.02
6324587160,0.03
8661753610,0.03
3382072986,0.05
5651163982,0.01
7804567306,0.04
5641386189,0.04
3202640898,0.02
9133943592,0.02
5012000700,0.03
7567235737,0.02
5042897300,0.03
1094673634,0.05
9964419716,0.04
1484843229,0.02
9838337642,0.05
5983801890,0.04
3867966405,0.04
6724133293,0.03
9681574932,0.03
4249911135,0.04
1798217787,0.03
2119428525,0.02
8807916540,0.04
3816885552,0.03
9687576564,0.02
5677885751,0.02
9576233556,0.04
5084589038,0.04
5372526945,0.03
9586245994,0.03
3401668094,0.04
1033637949,0.03
3854114904,0.03
1647821557,0.02
2676986829,0.04
4092450991,0.04
5034331212,0.03
6752236576,0.03
6665182568,0.02
1225156385,0.03
8048461836,0.05
6781776346,0.04
5245054102,0.03
5653321699,0.03
4648025107,0.01
4897799572,0.05
1400486218,0.02
7666074313,0.04
8699593456,0.04
6473178241,0.04
2625655635,0.02
2331712351,0.02
4736048086,0.05
6891088388,0.01
9764577860,0.02
4149553910,0.02
3841250942,0.03
9539940021,0.03
4683994807,0.02
2987891163,0.02
2859336945,0.02
1712666543,0.04
7108624730,0.02
5459509075,0.03
1273730469,0.05
6445823204,0.04
7968619766,0.04
4727024052,0.03
6636326438,0.05
8527532384,0.01
4061538797,0.05
1827460953,0.01
8766890462,0.02
4485339412,0.03
6542228916,0.02
9837701641,0.01
1396087801,0.03
2882933840,0.04
4014590314,0.03
5952051424,0.03
9185300244,0.05
6444813239,0.03
4727042623,0.04
5789773509,0.03
2675192869,0.05
6289903265,0.03
8204696232,0.05
6404828852,0.04
8321462699,0.01
5113222762,0.02
5116572635,0.03
4914240834,0.03
8690426013,0.02
9753465003,0.03
7902728897,0.02
6025463738,0.01
7408330830,0.03
3719634388,0.03
1863798563,0.04
9062867716,0.02
1696509711,0.03
2337659786,0.02
7550570311,0.05
4079032835,0.03
1537728064,0.04
9939779508,0.04
8158490153,0.02
3548828633,0.03
3623595738,0.01
6960693268,0.02
7653857032,0.04
5168222020,0.05
8044449863,0.04
7963912108,0.03
3000926406,0.03
7278088985,0.04
7220204487,0.03
5300695267,0.03
1370806791,0.04
4583183466,0.02
8641159268,0.02
1371174364,0.02
6538103228,0.05
5798453196,0.02
9113124322,0.04
8122891501,0.01
7780616559,0.03
6730359909,0.03
1166827207,0.05
2598963489,0.05
9226456227,0.04
4881933346,0.04
4961505134,0.03
6160129884,0.02
7673904985,0.03
9038242974,0.01
8910070863,0.05
9683976170,0.04
5078279356,0.03
4852056569,0.02
9429360909,0.03
5929795175,0.03
6594608535,0.01
4555349168,0.03
5126931736,0.03
7629132920,0.05
3825989621,0.01
4081155029,0.03
2621049794,0.04
1404231493,0.02
6187154844,0.05
9461362453,0.04
7622099997,0.03
9229195558,0.01
1629337225,0.04
6133110821,0.03
7974696564,0.02
5135922532,0.02
5960969302,0.02
5755449989,0.02
5736918343,0.03
3328303188,0.02
8697190907,0.02
5552590405,0.02
3266757174,0.03
6922331276,0.03
3794011305,0.02
3327691308,0.02
7373722949,0.04
1272812854,0.05
4943378065,0.01
1738069695,0.04
5617803728,0.03
5582873232,0.05
3994838505,0.04
2556266372,0.01
7813053288,0.02
9173743358,0.03
6418715409,0.02
1855629275,0.01
7576837133,0.02
1254993983,0.03
2606893089,0.05
8584163060,0.04
3874109751,0.02
8966436493,0.02
2961364788,0.01
3856827968,0.05
4297356970,0.02
1476740515,0.04
4994329855,0.04
8699380259,0.03
7698718759,0.02
4840500048,0.04
9592083910,0.03
9275230596,0.04
5689121813,0.02
8931932706,0.03
4779851140,0.01
1040920869,0.04
7703343654,0.02
9144706976,0.02
7086088404,0.02
1136323380,0.04
7902730563,0.02
8736688509,0.04
1995447787,0.02
4669502736,0.05
3627158980,0.04
8943691676,0.05
6428897148,0.04
4880661180,0.05
4149763752,0.04
6530121946,0.04
6900424723,0.01
7590223315,0.03
9369662084,0.04
5096616402,0.05
9971483649,0.02
7742986591,0.04
2836836410,0.01
6475004365,0.03
9748255879,0.04
2160397120,0.03
5556092028,0.05
4675131420,0.04
5386976528,0.04
1678302321,0.02
9133287684,0.02
5527335666,0.03
9734041937,0.04
6801794984,0.01
3764461571,0.03
4228078817,0.05
5422174011,0.01
4653919596,0.03
2798671181,0.04
7428651534,0.04
5366959207,0.03
6849051178,0.03
7337956394,0.03
2567319139,0.04
1866887419,0.03
1618675837,0.03
3384320302,0.02
4319186969,0.04
8562092021,0.04
9034404842,0.03
3911822281,0.04
8265190008,0.03
7494236872,0.03
8900830360,0.04
5144132067,0.02
6307942755,0.03
6413399419,0.02
7621923446,0.03
8852170404,0.02
7694174282,0.02
2961385817,0.04
5651329325,0.02
1449602425,0.03
1979147839,0.01
5170463869,0.02
6906777161,0.05
4361253538,0.05
6609389640,0.03
3702254726,0.05
4364869541,0.04
5330295050,0.02
4523423716,0.03
8414601068,0.02
6930073875,0.04
1289135885,0.03
3288338055,0.02
1699162047,0.03
9697594069,0.02
2459025092,0.04
6301530485,0.05
3673614368,0.04
6522187342,0.03
4282171422,0.05
1156194211,0.03
3190626062,0.04
2319788001,0.05
1469517379,0.04
4112750022,0.04
2678249141,0.02
7859662933,0.01
7688389094,0.04
8586410611,0.04
6411711294,0.03
5096878258,0.02
9616224535,0.02
3935062104,0.03
9658276831,0.03
8891963676,0.05
9534754697,0.01
8442374964,0.04
2144204062,0.01
7785669171,0.04
3931421280,0.02
7151982088,0.04
3382919893,0.04
8873948395,0.02
8142985002,0.02
6567446801,0.05
9622819868,0.01
6023774531,0.01
5070837666,0.03
6085147306,0.01
4677897148,0.03
3238685860,0.01
2403473331,0.02
2895206754,0.05
8944563544,0.02
7899664503,0.03
8745675194,0.04
1011113331,0.05
3196159402,0.01
1263345942,0.04
6813076471,0.04
7895702662,0.02
4505723233,0.02
9450011054,0.04
8552625528,0.02
6305683418,0.03
3823222733,0.03
3420193440,0.04
4245420170,0.03
6079920589,0.02
5843989117,0.01
8975812720,0.05
9456415783,0.04
1206891133,0.02
9900707614,0.02
4894497636,0.05
3546079372,0.03
2842158309,0.02
5594780312,0.02
6496039331,0.02
2214200563,0.05
8540048294,0.04
8022651014,0.01
2156523347,0.03
4486321703,0.02
2926774168,0.05
4974476956,0.04
6931713391,0.04
2515546229,0.04
4511501465,0.03
6804427946,0.03
8726331166,0.04
1640736059,0.02
9544465057,0.05
3445900312,0.02
2785403355,0.03
6833115827,0.02
7487626320,0.03
5666247196,0.03
2993318281,0.03
5497364871,0.03
8407976318,0.04
5023461156,0.02
1825309530,0.02
1205414110,0.04
8137741941,0.05
3626587301,0.04
5665494247,0.03
9707581363,0.03
2395147477,0.01
8224374648,0.01
1516536746,0.05
6220705825,0.03
3290032339,0.01
5025874169,0.05
4406467828,0.02
3516122670,0.01
2403750636,0.03
4061957930,0.03
8436496745,0.04
9153985730,0.01
2803307923,0.02
3531979916,0.03
8841693857,0.04
4794603391,0.02
3621157353,0.03
8205494557,0.02
4951327114,0.03
4220196466,0.03
2070905646,0.04
9351991464,0.04
5408786139,0.02
6755929932,0.03
5402874787,0.05
9145962852,0.05
8905927408,0.02
7052276954,0.04
8703959473,0.03
2669072122,0.04
6454864790,0.02
8141459986,0.02
9987634255,0.02
1962165965,0.02
7881635365,0.04
1918095058,0.02
8717518625,0.03
3552773958,0.05
3540265488,0.01
4091432390,0.03
6548867351,0.01
7435309520,0.05
9067777288,0.02
3313747880,0.04
5541587855,0.02
6011924875,0.04
2375931788,0.05
7341127484,0.03
1410886002,0.02
4485801857,0.03
7706583241,0.04
8316637127,0.03
7398377631,0.03
1427089633,0.04
2690419231,0.01
5212898567,0.02
2459806645,0.03
9590995674,0.04
4827232842,0.04
5033332587,0.03
1555485809,0.03
7513316490,0.01
8439400959,0.05
1834131163,0.03
7661467754,0.03
3339978105,0.02
7749511432,0.04
8689395789,0.01
9448336993,0.01
7377136346,0.02
3240880594,0.02
6060368695,0.04
9259773606,0.02
3596880980,0.03
2947343979,0.01
4401946132,0.03
5493781632,0.02
5384328378,0.03
5815882663,0.03
7325672308,0.04
9933467901,0.02
3385021347,0.04
5495288455,0.05
6147499900,0.04
9746734908,0.05
4710862855,0.04
1436564480,0.02
3828069604,0.02
9128887283,0.05
6471562523,0.03
6976832655,0.04
7964692395,0.04
9375479949,0.01
8429478128,0.05
1749643915,0.03
9170156999,0.02
3736832712,0.05
7366377048,0.03
5767412745,0.03
6049282521,0.04
1185520382,0.02
8472256566,0.02
1051781318,0.04
9383024014,0.01
4695958248,0.04
4811333051,0.05
4983872976,0.03
4224407700,0.05
2489295123,0.05
5066247893,0.03
2077194857,0.03
1826283386,0.01
7162243019,0.05
9042182729,0.02
1584542256,0.02
9809106142,0.04
2205290667,0.01
3503099472,0.05
5904239155,0.02
2990646087,0.05
9696878768,0.04
6633726870,0.05
1112921369,0.02
1311007451,0.02
2144441604,0.01
8048148585,0.02
6578170653,0.01
1356982210,0.03
7100815320,0.03
4564114237,0.03
9729679404,0.02
4584104615,0.05
1291113127,0.03
5858656585,0.03
8032820662,0.03
2581241307,0.05
3473449527,0.02
7984292576,0.03
4437045277,0.05
6901557095,0.04
4596708816,0.04
6751382078,0.01
6520903664,0.01
4239550296,0.02
7415371628,0.05
9803238261,0.03
3431394138,0.05
4238142870,0.05
6993811450,0.03
9270193320,0.01
3576819679,0.03
4538855455,0.04
2429726526,0.02
2983224803,0.04
8521684759,0.04
9177380890,0.03
1883224677,0.02
8429931107,0.04
2736305914,0.01
6506463190,0.04
8982179677,0.03
5854391036,0.03
8432435575,0.05
9668486449,0.02
1433192453,0.02
7554200284,0.03
4837324261,0.01
2000569056,0.01
7543943837,0.03
6546523202,0.04
2644864010,0.02
4340598284,0.02
9479269941,0.02
8576068796,0.03
4160505236,0.04
3209493053,0.04
3156244302,0.04
9135135515,0.01
4289120591,0.01
3844028981,0.04
8678692680,0.02
3809552803,0.03
3270296075,0.03
3371144346,0.04
4572640916,0.03
5271358493,0.01
7659228499,0.01
3225787648,0.02
8517791590,0.02
6731561032,0.04
3315760174,0.05
3497217314,0.02
1677642800,0.03
3972755354,0.02
5575241773,0.03
8124498948,0.01
4176794008,0.02
8030398847,0.02
7458011289,0.01
8569978086,0.03
3063730252,0.02
2307749357,0.05
8982932733,0.02
6141149437,0.04
2257379052,0.03
9340271012,0.05
5727633693,0.02
6755614829,0.02
8244497835,0.01
4816026940,0.03
1532112183,0.02
8931731921,0.04
1288632306,0.04
5508333714,0.01
8029584380,0.01
2002781279,0.04
7348116871,0.03
2806748433,0.04
4815300269,0.05
2813514088,0.03
1939034720,0.03
4892447228,0.03
6328351374,0.05
4871470031,0.05
9810945117,0.04
4064357927,0.05
8243514897,0.01
6158842788,0.03
8785143883,0.02
3086635064,0.04
3893232736,0.02
8481212195,0.05
8401844918,0.03
4847416574,0.04
8043153836,0.05
4487817010,0.04
6771964887,0.03
1483302051,0.03
2765037167,0.01
8029059162,0.05
1775748959,0.02
1596854141,0.04
3464248414,0.04
6432985887,0.03
3440999710,0.01
5902989136,0.03
5579137791,0.02
4047172827,0.03
2780873392,0.01
9869027070,0.01
9841561268,0.05
8362018266,0.03
1744091539,0.03
5828404363,0.04
3435228040,0.02
6227246445,0.02
1940281112,0.04
4161470198,0.02
1228530550,0.03
3794440651,0.03
6053639816,0.05
1213196543,0.04
5112058005,0.02
7898919980,0.02
7181280552,0.04
6466719749,0.04
2964582230,0.02
1615277350,0.02
4233511964,0.04
8503479878,0.05
5651505388,0.01
1232116645,0.05
2896925347,0.02
9617483953,0.03
9053557422,0.05
7452953973,0.02
3569188445,0.02
2775847179,0.04
9050179492,0.04
3056092838,0.02
2664854018,0.05
8299705704,0.04
5142442908,0.02
3145607277,0.04
1246913331,0.04
7154364853,0.04
7053584489,0.04
4364959584,0.05
6062960046,0.03
7612003411,0.02
4897134615,0.02
9311009228,0.02
9065401638,0.04
5938778042,0.03
5158149641,0.02
9765661539,0.05
8636578446,0.01
1468824782,0.04
5660217195,0.01
5609002039,0.02
4023856597,0.04
9662821782,0.02
8463601141,0.02
3384061063,0.02
6022723337,0.04
7369006269,0.03
6120213625,0.03
2091767951,0.03
4037834983,0.03
1295497203,0.01
4886137599,0.04
5490859852,0.02
9071506790,0.04
5339696945,0.02
6357565994,0.04
9136016557,0.05
8848692828,0.03
4217428313,0.05
6138491883,0.02
2127437870,0.04
3972213148,0.04
5750318151,0.04
7864643349,0.05
1173936052,0.02
9143600554,0.04
2950195381,0.02
1571649910,0.02
3800465782,0.02
5796573648,0.02
8274620424,0.02
3726650085,0.04
1353564763,0.03
2774409919,0.01
4569431365,0.03
2718808047,0.04
5807666962,0.03
4943757573,0.04
1084837830,0.03
6283210872,0.04
4660497643,0.04
2732049007,0.02
4546911185,0.02
4769609058,0.02
8905388989,0.04
5593865415,0.04
2091877592,0.03
8507274952,0.04
9740183651,0.03
1853405529,0.02
5741394895,0.03
8530594659,0.04
4247571702,0.04
5801617971,0.04
9273816695,0.03
8361969970,0.03
1561643424,0.02
6844872155,0.02
2328979977,0.01
7148444439,0.04
8788657074,0.03
7815191050,0.03
2897160344,0.04
5083906990,0.04
7041712182,0.04
8997803169,0.02
1762395887,0.03
8706244559,0.04
9660445104,0.02
8762561270,0.03
7971961127,0.02
8607849014,0.02
4043083030,0.03
3944633075,0.05
5347996298,0.01
4581724791,0.01
3792230887,0.03
5147874524,0.02
1814682944,0.05
9708825238,0.04
6551265585,0.03
4703055216,0.04
1294118913,0.03
8471762089,0.02
2557863465,0.02
3648239777,0.04
8454858179,0.01
2586045095,0.01
4483255052,0.02
3689994216,0.02
4388584583,0.01
8704368056,0.04
9006428799,0.02
9999494937,0.03
5908840498,0.04
7320709694,0.04
7286464462,0.02
6348178240,0.02
3469677748,0.02
8554478762,0.04
8417765515,0.03
7712282177,0.04
2449198478,0.01
3974298958,0.05
6042892742,0.02
3276761967,0.01
2819974379,0.03
8584928627,0.04
1108441884,0.05
4593195297,0.05
2339859254,0.03
5983973845,0.03
1664311742,0.03
5645614763,0.04
1210026561,0.05
5416278486,0.03
4291992997,0.03
3715248546,0.05
8165770082,0.02
4289437884,0.04
1055366677,0.05
4814839164,0.04
8156098273,0.05
5954784744,0.02
5933469628,0.02
1575277510,0.01
8108011367,0.05
4082743060,0.01
7974477157,0.02
3514152768,0.02
3010372081,0.01
2302955701,0.03
6346970384,0.03
4577360406,0.02
6698616746,0.05
3240494406,0.02
6132454366,0.02
3046894146,0.01
1220443080,0.05
8224036843,0.05
1501091419,0.01
2587593035,0.04
1180928466,0.02
6023146188,0.02
9317706725,0.02
7442120748,0.02
5536513046,0.04
7783918520,0.05
4337076711,0.03
6287387994,0.04
2380194527,0.04
2722528727,0.04
5057851633,0.02
1386315351,0.01
9245471589,0.05
4829454337,0.03
6667430066,0.03
4631647084,0.02
7334788841,0.02
8748136422,0.04
9839656767,0.04
4041238450,0.05
6886966096,0.04
3657421487,0.03
2624598920,0.03
2625683837,0.03
6513493368,0.04
7022152876,0.03
6854910355,0.04
9477308816,0.04
4562870213,0.02
8453490747,0.05
6795884252,0.01
6634547318,0.04
7177577088,0.01
4213818028,0.02
2661575755,0.01
4412008951,0.04
8280159457,0.04
1597477692,0.02
1078050930,0.04
8858233132,0.04
7859571770,0.03
1489726471,0.04
5488905898,0.05
7459364642,0.03
4242565359,0.04
2028869220,0.05
9803938437,0.02
6426407415,0.02
9023723037,0.04
3225363542,0.04
8217254251,0.03
2225117916,0.02
9657140799,0.04
7350539726,0.02
2458489695,0.04
8422515815,0.02
4816381340,0.05
6771693386,0.04
6234048914,0.05
6205169420,0.04
7275212397,0.01
3857326518,0.02
9742574270,0.05
9064334343,0.03
8465074748,0.05
1867577611,0.02
8962968949,0.01
4068807908,0.03
9358446391,0.03
3290564242,0.03
7617384070,0.05
5659711197,0.04
9706552628,0.03
7729557863,0.04
5321040332,0.02
2619459652,0.05
2587597378,0.03
8827558462,0.02
4513222734,0.04
6138619605,0.03
6315850789,0.01
1486098271,0.05
3075958691,0.05
1360805188,0.02
7088038603,0.03
2761463347,0.03
8310256909,0.04
9150057821,0.03
1193771633,0.01
3524242664,0.04
9236242631,0.04
2923358169,0.01
9722079823,0.05
5229036088,0.04
2354429954,0.01
5447280617,0.02
6044930005,0.02
1150067203,0.05
5831623269,0.03
3430032164,0.02
2178471411,0.04
7342647311,0.02
4432956613,0.02
8445193686,0.02
3475312637,0.02
5239259280,0.03
1427278180,0.03
4384542844,0.05
3361168515,0.02
9776425515,0.02
8491767305,0.04
5133201717,0.02
6969408698,0.02
4899492513,0.03
1003404818,0.03
8901161799,0.02
9314747893,0.05
3579472266,0.05
8685130166,0.05
7938425066,0.02
1973040633,0.02
7977754943,0.01
1483648220,0.04
7336080917,0.04
3364001449,0.04
5293261665,0.05
5568593436,0.02
3726816402,0.02
4084499307,0.02
9156588919,0.05
3631682114,0.04
5610969120,0.03
3475160263,0.05
4830492186,0.02
6056401468,0.05
2963420026,0.03
7295152162,0.02
6823985048,0.03
8820432153,0.05
5594706762,0.03
8720781151,0.03
7428972812,0.04
9536469684,0.02
6163015877,0.04
6539025366,0.02
6294957760,0.03
8214007048,0.05
8270919596,0.04
6708375267,0.05
9450708767,0.02
8615756083,0.01
6730753358,0.01
3023771450,0.04
8828154196,0.02
7530884623,0.02
5010164930,0.04
2991050290,0.03
8119376146,0.03
7476084735,0.01
9194573962,0.04
8469185687,0.04
4583145969,0.02
4322412472,0.02
6325489488,0.01
9092613849,0.04
2515606240,0.03
2341699042,0.04
5059038829,0.03
9621338182,0.03
7281283237,0.03
9019688608,0.01
4255637949,0.03
9553034366,0.01
2676837830,0.04
3300236387,0.02
5544853940,0.02
6251390267,0.02
7920012368,0.03
3291298469,0.04
6114879568,0.04
7539746442,0.03
2897697569,0.05
7586048365,0.03
2495109885,0.04
4619857739,0.02
2848273679,0.02
8589917274,0.02
7785993855,0.03
6050493250,0.03
9360529019,0.02
4580676241,0.04
9147907057,0.04
8103749631,0.04
4485124986,0.02
6361009037,0.03
5899365201,0.05
1312996593,0.02
6768805529,0.05
3008209602,0.05
7028202865,0.04
2090732622,0.03
7003210882,0.03
2932709735,0.02
2158323042,0.02
6155094558,0.02
3166213614,0.01
5749850794,0.03
2626465069,0.03
1830250157,0.02
5319959978,0.02
1104443903,0.02
9041588579,0.05
3983858602,0.04
9722417374,0.03
5248648798,0.02
4587533152,0.04
9858980251,0.02
2571793716,0.04
2542952465,0.04
7475790223,0.03
5384751372,0.03
8522645793,0.02
2187757817,0.03
2039772757,0.03
2000824001,0.03
7543102862,0.04
1079552379,0.04
2534529568,0.01
1075587709,0.03
8937731589,0.04
8712269294,0.02
7583335387,0.01
6825412619,0.02
8975809691,0.04
6342125093,0.03
1406721926,0.03
7147913834,0.03
5950830702,0.02
6013404497,0.05
2112726865,0.02
7518975609,0.03
5986997033,0.02
7183508142,0.03
3713312632,0.05
5765785492,0.02
2469065059,0.03
7072837190,0.03
5775472138,0.02
8690405720,0.03
2485547862,0.04
2533141685,0.02
9515064058,0.04
9184147021,0.03
7806171911,0.02
1883386533,0.02
5010072143,0.04
5644823074,0.04
2984582849,0.02
3492361223,0.03
2499830042,0.03
9973348404,0.05
9482241515,0.03
6422243780,0.01
6807636531,0.03
7860329959,0.03
4160840931,0.05
7023741260,0.02
6218113268,0.05
5362115300,0.02
8292412707,0.03
9675671758,0.03
7220851641,0.01
6497423280,0.04
8904898273,0.02
1180897326,0.03
9478158961,0.02
3353592359,0.01
4441738389,0.04
2948152758,0.04
3392365420,0.01
5053997900,0.04
2314035336,0.02
6001298214,0.02
5806747942,0.05
9982047772,0.04
6403224038,0.02
3554628381,0.05
8830255864,0.04
8188357913,0.02
5891973298,0.02
5508925922,0.02
3644236381,0.02
6979798070,0.01
4921302741,0.04
3257790028,0.04
8346320239,0.05
1655397624,0.03
4720311202,0.03
5668923897,0.05
9386939258,0.04
2906266594,0.02
7163401949,0.02
2893507000,0.02
4091662195,0.04
7978121213,0.03
4612690935,0.04
6345533103,0.02
5554566402,0.03
5974016139,0.04
5121430403,0.04
2405682194,0.03
3462975889,0.02
2138489379,0.05
1278717974,0.03
2378406877,0.04
7321261077,0.05
2920516924,0.03
1858679413,0.02
3763925179,0.03
6654910915,0.03
1888689537,0.04
2874197313,0.01
5709554428,0.03
1486865402,0.02
5076748967,0.02
6739340564,0.02
9067320258,0.02
5086138415,0.01
5804025989,0.03
4332994817,0.04
4929735107,0.04
4111992626,0.01
5567408901,0.04
4430631002,0.04
7931291495,0.01
8083102840,0.01
5612530303,0.05
2267531584,0.03
2566051630,0.04
5869045931,0.02
6298934416,0.03
5019755304,0.03
7438956452,0.04
2046217776,0.02
3636334963,0.03
2624784230,0.04
3328384031,0.03
7205265215,0.01
3966950503,0.03
9316735555,0.03
7237255162,0.04
1232183157,0.05
3952249780,0.02
7200671684,0.03
6432118287,0.02
5675276839,0.05
7322284343,0.04
3168913460,0.05
5606132445,0.05
6165197545,0.01
3140299004,0.04
7680902383,0.04
9073800468,0.05
5962438321,0.01
8289381404,0.03
6416287670,0.05
9406328556,0.04
5045637220,0.03
1750174259,0.04
1627333312,0.01
2130159632,0.01
3899396347,0.03
1149589933,0.01
4325782111,0.03
4969923796,0.03
4244497034,0.04
7962616429,0.03
2905452231,0.02
7072582465,0.03
7877500923,0.03
9385556728,0.04
7117827927,0.04
4118380179,0.03
8873191225,0.02
1880374519,0.04
7687899426,0.04
5478299969,0.02
6481957087,0.03
9662997828,0.03
5396613808,0.01
7418051469,0.04
1204549410,0.03
6940668440,0.05
5167315752,0.03
6171035124,0.02
1360219494,0.02
7127089916,0.03
8489127276,0.03
7231840542,0.03
7021731920,0.03
2766463080,0.02
3995195837,0.05
2770636358,0.02
1577149026,0.03
7843752156,0.02
5852322105,0.03
3612922284,0.01
3249522902,0.02
9538745170,0.04
6888712671,0.03
3316804423,0.02
6525034610,0.04
3678003598,0.01
4727375048,0.03
3138184185,0.01
5922695765,0.02
8870358003,0.01
5044653981,0.02
8516423453,0.02
5411242076,0.02
5058414552,0.05
6478639145,0.02
6917890850,0.05
4790874501,0.02
7669566105,0.02
1882952965,0.05
3231272931,0.02
5582342273,0.01
8486198156,0.01
2730145077,0.03
8180453332,0.02
4775053648,0.02
5074012107,0.01
6754962514,0.01
5509087747,0.03
2786691001,0.02
1990489427,0.03
1927009205,0.03
3192363859,0.04
7561643829,0.02
5203794497,0.03
5289092389,0.02
7271585910,0.02
3749891483,0.04
4070746194,0.04
3453413646,0.01
9935721445,0.04
7226900829,0.04
3044547469,0.03
8663512633,0.03
9295029961,0.03
5410427892,0.03
9282827447,0.04
9906115975,0.01
4685540398,0.04
2785017682,0.01
7575090903,0.03
6592215628,0.05
7156597427,0.02
2571811838,0.05
9271194197,0.03
7927148676,0.02
6884536695,0.01
6405094242,0.04
6346447072,0.04
4613337218,0.02
7845270851,0.03
3178654163,0.04
5591173783,0.05
2705455206,0.02
1772276402,0.03
9266436952,0.04
9430989513,0.05
8520425464,0.03
8019981028,0.04
1304694272,0.04
7816561134,0.04
8325842256,0.03
1919069646,0.04
1997258451,0.03
9079082996,0.04
7223187731,0.04
5643623574,0.02
5136657008,0.04
6200585193,0.02
8580848348,0.04
7820071914,0.04
3725335351,0.02
1023869779,0.04
4461728888,0.02
3703561750,0.02
3776098090,0.04
1649790654,0.03
2578184723,0.02
8107987119,0.04
9406024003,0.03
6017421975,0.03
9106916113,0.02
3653102626,0.02
2442795093,0.03
3371801337,0.05
1550714047,0.05
1516234050,0.03
5790338778,0.04
4121151103,0.02
4958609242,0.01
6195751564,0.03
4197119028,0.03
2929954858,0.03
6507513171,0.02
9370616655,0.03
8327395239,0.02
9770794352,0.03
4081732672,0.04
2804165150,0.01
6867781028,0.03
4582981277,0.01
5771384425,0.04
6678748216,0.04
1370815708,0.04
9832761741,0.05
7027299141,0.02
9270093512,0.04
2178338833,0.03
2246732999,0.01
4030417618,0.03
3524499277,0.03
7510611914,0.03
7111823060,0.03
6573675466,0.04
1268390789,0.03
1334829516,0.02
2503084675,0.05
4569541085,0.04
9078099000,0.02
5486665640,0.01
6215754045,0.02
3181681266,0.03
1194398328,0.05
8708321826,0.02
4633154779,0.05
6547810538,0.03
6003141517,0.03
5263665094,0.04
2924437188,0.04
1341154669,0.04
7343098889,0.02
3318131678,0.05
3917032286,0.04
2554365604,0.02
5648445921,0.04
3842263796,0.02
8387813296,0.03
3279829692,0.05
7621574576,0.02
4474574727,0.02
7240150398,0.03
6887398071,0.02
6307566196,0.01
9075878554,0.05
4803685657,0.04
3960146443,0.03
5819034932,0.05
9829437445,0.04
7821540426,0.04
4561128986,0.01
8231432579,0.05
8311017114,0.04
7681855325,0.02
2690823083,0.01
9667635300,0.03
3371463163,0.02
7340615062,0.03
7411594541,0.03
3610234280,0.02
2363443203,0.01
6931614992,0.04
5572387178,0.03
6607959720,0.03
9860120175,0.04
8362393212,0.04
2602564164,0.04
2752275347,0.02
7020577642,0.04
3800095629,0.02
7790630862,0.03
1339736610,0.02
5958463210,0.05
3066519830,0.02
9698132978,0.03
1405049155,0.04
3212439677,0.03
1947000864,0.05
7977674983,0.04
9240109944,0.04
6091475131,0.04
6689274882,0.05
1970480288,0.03
6185089639,0.01
9524624961,0.02
5427488181,0.03
2094375456,0.01
8314170431,0.04
6278434398,0.04
5278401781,0.05
5897118458,0.01
7405376250,0.02
3565578656,0.02
2931712930,0.03
5759936165,0.04
5034565132,0.03
6645203601,0.05
5848406961,0.03
1515937824,0.04
7001268099,0.04
6244867157,0.02
3043545898,0.05
9761364328,0.04
4420676714,0.05
7449359570,0.05
6122515611,0.02
4127123019,0.03
2555650136,0.03
9040396569,0.04
6265438024,0.02
9575627256,0.03
1485403082,0.03
3786412172,0.03
8374953882,0.04
2857958405,0.03
8996604951,0.02
1425041767,0.03
7124920270,0.01
2538745072,0.02
9999869104,0.03
2846588104,0.02
1505821528,0.04
4070688489,0.02
4851337445,0.04
7401258048,0.04
2497550466,0.02
7770172694,0.04
1823018330,0.02
9981850568,0.03
2342652778,0.04
9805592875,0.04
8690276264,0.05
4409893042,0.04
1283300699,0.04
5355489126,0.02
3992464316,0.04
4339923204,0.05
4278172280,0.03
6611444105,0.05
4840868827,0.05
3844682121,0.01
6976032272,0.02
3028588683,0.03
7637046533,0.01
7900449043,0.04
9399255075,0.03
1899392062,0.02
7390863475,0.04
8904097514,0.03
9724766479,0.05
1695689971,0.02
4878712080,0.04
7739023970,0.03
6659531718,0.03
7838563253,0.04
4480144166,0.02
8644893982,0.02
7408456443,0.03
8784005113,0.01
7379975043,0.03
9952923227,0.05
6528708871,0.04
4303373906,0.02
6377497695,0.02
6982294700,0.04
7746210418,0.03
3058625087,0.01
8754739904,0.04
5205216598,0.03
4828350755,0.02
2656650358,0.03
7070105592,0.04
3112137864,0.05
7912437872,0.04
9727109680,0.03
2253997583,0.04
4699499287,0.05
8281580372,0.04
2315682145,0.05
1734096197,0.03
5436284520,0.02
6241760712,0.03
3311937558,0.02
4202018830,0.02
1708784182,0.04
7996507870,0.04
2779288834,0.03
1564300237,0.05
8075389247,0.04
4469897772,0.04
3272387159,0.04
6571597017,0.01
9459955389,0.03
9475025277,0.03
7277674812,0.02
4864721386,0.01
2184703685,0.03
1622338712,0.03
6949131605,0.04
4615785077,0.02
7128540700,0.01
8732840044,0.03
5030690755,0.05
7863382597,0.04
9383861891,0.02
2943902548,0.04
5876009075,0.01
1870254392,0.03
8211717178,0.04
9837792882,0.02
4922759447,0.03
8160238699,0.03
1669258568,0.03
1306692975,0.02
2427945893,0.01
1104353758,0.04
2415677134,0.01
2672922903,0.02
7638775256,0.04
7728093331,0.05
2681990609,0.04
8577787700,0.02
3103769513,0.02
5202886474,0.02
2234186409,0.03
5910025850,0.03
6841030555,0.02
3611118541,0.02
7276043358,0.01
2814480942,0.02
2335974960,0.03
9405805011,0.04
8718128498,0.03
6501868265,0.02
7517308382,0.03
1122469326,0.01
8694680869,0.02
9611504524,0.04
7001188205,0.03
9153310663,0.01
1305659855,0.03
4912645762,0.04
9038586209,0.04
3523650673,0.04
6739988289,0.02
5467362352,0.03
6188481040,0.04
2945003400,0.02
7210278791,0.04
3784856453,0.02
5649802007,0.05
7818790090,0.03
6064386940,0.02
5599290753,0.03
8114229548,0.01
5294076560,0.04
5433372909,0.04
6476870988,0.04
9951079742,0.04
4243289383,0.02
9024883338,0.04
7967977615,0.03
2226213492,0.03
9616944726,0.05
6508495369,0.03
1424804821,0.02
9009529118,0.02
1237867887,0.02
8877323051,0.02
8543520874,0.03
6666823431,0.02
6104367285,0.05
9307410474,0.05
2364370059,0.03
3212159084,0.01
5009372788,0.05
3561729672,0.03
1714706416,0.03
2223235750,0.05
9301375419,0.03
8975455115,0.01
6137476599,0.03
7083081036,0.04
8998390375,0.05
3083146386,0.04
8959445911,0.02
9533950755,0.02
8477007719,0.02
5031121672,0.04
9344090783,0.05
6146324173,0.03
4894433885,0.04
3748111678,0.03
3522207976,0.03
6490874826,0.04
5720987464,0.01
6689102679,0.03
4715156720,0.03
7536142327,0.02
3811448021,0.04
3750263276,0.02
6372706882,0.02
7478955886,0.02
4727995676,0.01
2028877724,0.02
5085736982,0.04
9915577457,0.03
7453993487,0.03
3505658366,0.02
6673233335,0.02
4507074379,0.05
8653708691,0.03
7268575472,0.02
2977742048,0.05
5307506462,0.04
9753712214,0.04
5170214727,0.04
8851315659,0.04
7220265890,0.05
2110400241,0.04
8327618495,0.01
5170726940,0.03
3412995022,0.04
1419899505,0.04
9202346157,0.02
4373283032,0.01
6372440975,0.02
8921107909,0.04
2348728976,0.05
2411554815,0.03
8868928691,0.04
6143926889,0.03
3950919272,0.05
6771079887,0.05
2605337744,0.05
1102636426,0.03
9875290041,0.03
9144303686,0.02
6702225726,0.04
3773926458,0.02
2147891024,0.02
9540792097,0.03
6440770617,0.01
5954526563,0.01
9708009865,0.01
6960271891,0.03
1006969180,0.01
4289468685,0.02
3296399074,0.03
4479805282,0.02
6097090314,0.04
6047918020,0.05
7169879822,0.02
7556947476,0.05
2944767731,0.02
3264849288,0.02
6122900447,0.02
4933800107,0.03
2565039382,0.05
9768550003,0.04
2430263326,0.03
8899689678,0.03
7436678979,0.03
6911812517,0.03
6686925765,0.02
2526572764,0.01
7893671837,0.05
4926333688,0.05
7109614588,0.02
3643890140,0.02
4896381837,0.01
3714429939,0.02
1617836665,0.04
4112643849,0.04
2232689013,0.05
4271046981,0.05
8247140727,0.04
6411809704,0.02
7057545089,0.04
4083632103,0.02
9321913398,0.04
3182560060,0.02
6594201730,0.03
6048186591,0.05
7097428253,0.04
7588754292,0.01
4938294783,0.04
1214400888,0.02
5390701788,0.02
1824365051,0.02
5112053171,0.04
3836698707,0.01
5276459666,0.01
5806234041,0.02
5319348966,0.02
7231949869,0.04
2372704563,0.04
7097502332,0.02
8870309574,0.03
2941248270,0.02
1339229625,0.02
4094028978,0.05
8691815589,0.05
3512933975,0.02
3441095840,0.03
2973701292,0.04
3621349004,0.02
3062717437,0.05
4581977032,0.05
2413646536,0.04
7931320303,0.02
2350719219,0.04
8744952181,0.02
7334153011,0.02
8893548382,0.02
1763632225,0.03
6816603785,0.03
8409804154,0.02
8345540105,0.02
2400200467,0.01
9442319465,0.01
8598435033,0.01
3412707499,0.03
4207043643,0.02
2147550942,0.05
3112859568,0.02
8356522543,0.03
8455395838,0.03
2615131699,0.05
5382005159,0.02
4376549726,0.04
9661582274,0.02
1631048489,0.02
8007652283,0.01
5509518263,0.02
1696112546,0.04
6960657477,0.02
9783809725,0.04
9258881931,0.03
8926349040,0.02
2487170010,0.02
1591863414,0.01
7717815803,0.03
9117232050,0.04
5944343561,0.04
4042698006,0.04
5351670207,0.02
2311900801,0.02
6975424277,0.04
6041669858,0.04
5063353600,0.04
7761857326,0.03
3454187471,0.03
5912147779,0.02
1562465943,0.02
2283650402,0.02
9767798564,0.02
2128390212,0.04
1649469792,0.04
6010020144,0.01
1289448139,0.01
9791655104,0.03
1513875846,0.03
5261324417,0.04
6033220123,0.02
9445329227,0.03
6358972983,0.02
3952465503,0.05
5143758910,0.03
8265751314,0.04
7778671915,0.04
8994135651,0.01
7447809300,0.03
2249869373,0.03
6234529945,0.04
6156394943,0.04
2724664767,0.03
6600240056,0.02
1419085765,0.04
5803800497,0.02
8809641243,0.03
1131874023,0.02
8131886521,0.01
8448554555,0.02
1892512870,0.05
3871146921,0.02
3313844406,0.02
1351872507,0.01
2600802700,0.03
8964127668,0.03
8931530494,0.03
8897568190,0.03
5015173034,0.02
5895165940,0.04
6167976054,0.05
8266445189,0.02
2156536447,0.02
5383054967,0.03
1350764993,0.04
8958493524,0.03
8068221094,0.04
3855399938,0.04
2697547455,0.01
8432404058,0.05
7524397641,0.03
2587377871,0.04
7587906738,0.03
8434419242,0.05
3370617035,0.02
4234692893,0.03
1194031830,0.04
9931213610,0.04
8535604711,0.05
5646197044,0.04
9821132318,0.03
7629046686,0.05
9212756852,0.01
7188927384,0.04
4070497417,0.01
1144573361,0.02
2486210305,0.05
6420699835,0.05
5392517854,0.02
9340455475,0.03
9714993186,0.04
5032677453,0.02
8311950847,0.02
2424512151,0.03
1691087754,0.02
1815997394,0.01
5003281817,0.02
9646151139,0.04
1417073427,0.04
1983893919,0.04
2303473560,0.03
5895936414,0.03
2036446442,0.03
4949444160,0.02
3226873137,0.01
4408034874,0.05
5477786365,0.03
3861254830,0.04
9493899801,0.04
8917041202,0.01
8921022107,0.05
6557823773,0.02
7275795767,0.03
1730914339,0.03
5340413318,0.04
1728120732,0.02
3981788600,0.02
3357958206,0.02
5941296296,0.04
8091409341,0.02
5010057205,0.02
1852441036,0.02
5811506929,0.01
8050448782,0.02
4747078781,0.02
6633052970,0.01
5280220542,0.03
2479131144,0.02
8228506868,0.03
7024550300,0.04
6514133512,0.02
7717444628,0.04
3799716170,0.01
2203225966,0.02
2090711014,0.05
9391769448,0.05
6914431264,0.04
1360724564,0.02
5466333403,0.04
5350334481,0.02
5903761620,0.04
5730367318,0.02
6767757593,0.05
8637377331,0.02
8574919850,0.02
6822322941,0.04
5338942654,0.02
9275055810,0.02
3519271933,0.05
9919585451,0.02
9113047145,0.04
4722709744,0.03
6373478209,0.04
3159604711,0.02
5130213178,0.02
8248961744,0.04
5438114437,0.02
4682532409,0.04
5497108269,0.02
1894187873,0.01
7588411833,0.05
6220752685,0.03
2636104184,0.03
4531635624,0.05
8606721250,0.04
3565639069,0.04
3876196795,0.03
3083634858,0.03
5483067615,0.04
9939499910,0.03
9698318295,0.04
7466400438,0.04
4118991393,0.03
3130334517,0.02
1975942152,0.04
9338268860,0.03
7553631244,0.02
1757387388,0.01
1428015950,0.03
1862926811,0.04
4611692276,0.02
7229670479,0.02
6291086784,0.04
4830250635,0.04
4392284476,0.04
9230266877,0.02
4512836338,0.04
2597268274,0.04
1046629037,0.02
6125897202,0.04
5646933729,0.04
8035419444,0.03
6933435564,0.01
9154824603,0.02
7445370445,0.04
8043537114,0.04
7442373839,0.03
9772895957,0.04
1329493886,0.05
6014000145,0.05
6350139800,0.02
5075289698,0.02
1419172956,0.02
8381610080,0.02
3456993236,0.05
7205153741,0.02
3223339117,0.02
2231063322,0.01
5544287010,0.02
9369074030,0.03
1991285520,0.04
6030890875,0.04
2951218722,0.04
9496226224,0.02
7312091754,0.02
5296967341,0.02
9262539430,0.02
4228661937,0.03
3370514872,0.05
4563356313,0.05
2644659503,0.01
5503045284,0.03
5057525860,0.03
2506335835,0.02
8193409069,0.02
3690238540,0.03
3745885870,0.02
6304958723,0.02
2098453391,0.05
7407186522,0.05
1261585688,0.02
9515106397,0.04
5054367916,0.05
6150042705,0.04
6095575865,0.03
9897044946,0.05
4984063483,0.03
4183463998,0.02
1678942273,0.02
6445555896,0.02
4194871023,0.04
8343626002,0.03
8090158190,0.02
7752389364,0.04
7074738755,0.04
8975468666,0.05
9254901646,0.04
3311692905,0.01
5909429390,0.01
5710618042,0.05
9004256993,0.02
6884700122,0.03
3332559012,0.02
2794616898,0.03
3060394431,0.03
8905170012,0.04
8879108377,0.04
8594337940,0.01
7414604609,0.04
3003183598,0.02
2096436405,0.03
2530426383,0.05
1723180386,0.03
2919346912,0.03
2288462367,0.01
7234284528,0.02
8488099724,0.02
6595524212,0.05
2784568062,0.03
5426730003,0.02
4706807929,0.05
1916343144,0.05
3342804960,0.02
2078883212,0.03
6713062371,0.02
4128039910,0.02
2687400187,0.03
8264495332,0.01
6791236446,0.05
5715654356,0.02
9377186657,0.03
5338809613,0.04
5634911703,0.04
2644319293,0.04
7219501171,0.02
9357108606,0.02
5753118733,0.04
5399629523,0.04
2325278668,0.04
3492640971,0.03
4834765393,0.03
6314695024,0.04
1339892598,0.03
4621666308,0.02
6372324924,0.01
2856055313,0.03
5690985606,0.02
8803012534,0.04
8580286444,0.02
3496627528,0.02
8826759108,0.02
5515556998,0.03
9998573818,0.03
7421722387,0.03
3287673726,0.03
3949752151,0.02
5727801145,0.02
2129113741,0.03
4503813621,0.04
1879573446,0.03
8325549106,0.01
4391939479,0.02
9278722156,0.04
8773921039,0.02
1810625061,0.02
8432762452,0.01
3983493017,0.01
2344683986,0.03
1410174430,0.03
5182703337,0.02
7139210678,0.05
3507103933,0.05
9462434553,0.05
3927721274,0.04
7964550115,0.02
5447948872,0.04
1408045419,0.04
5034457006,0.04
5526542766,0.02
4050305442,0.02
3818167989,0.01
1773636280,0.01
5898996357,0.05
9641069900,0.01
8641357198,0.03
8432209279,0.02
1168884913,0.01
8012288966,0.04
3135129087,0.04
8114238187,0.02
5834703155,0.04
2735285027,0.04
4931057793,0.04
2647767733,0.03
5162889731,0.04
6305291269,0.02
1303263754,0.01
4803330757,0.05
6595057407,0.02
7269578725,0.02
8938915467,0.04
8414759907,0.01
3844536333,0.02
4507811498,0.02
3731127286,0.03
8107799610,0.03
6924740108,0.02
7331348737,0.03
1202939285,0.01
5889979540,0.03
4130533122,0.04
1194337062,0.02
9578122718,0.03
5238729588,0.05
9895977662,0.04
4324786092,0.05
5110022509,0.04
5905564945,0.04
7536439853,0.05
2001391210,0.05
9091525454,0.01
8746607068,0.05
7053613292,0.02
6937702138,0.02
6882846849,0.04
8754315267,0.03
8942544351,0.03
6914877636,0.04
5925540711,0.03
3664741116,0.04
3787578799,0.03
3580021233,0.03
5597958764,0.05
7400659124,0.01
4769850599,0.02
3871314364,0.05
9395123160,0.04
8343101156,0.05
5304582870,0.03
7900895889,0.03
5692608880,0.01
1607536533,0.02
2722277941,0.03
7946708512,0.01
7093856413,0.03
4019505439,0.03
1232271233,0.01
9152616981,0.04
2674151727,0.03
5106429633,0.03
1893195173,0.02
3971069740,0.04
6158253298,0.02
3266085720,0.04
2531446495,0.04
9109734309,0.02
9990568551,0.04
4916309999,0.03
4057793072,0.04
5668537188,0.02
7887815903,0.05
2551083276,0.04
8764672366,0.01
7807055701,0.02
9441433454,0.05
1141140274,0.05
9096381251,0.02
4447104944,0.02
8757377861,0.03
5794771789,0.02
6262142276,0.01
8371060673,0.01
9446097094,0.04
9176659308,0.05
7647023319,0.02
4303078044,0.02
4534867290,0.02
4701214127,0.03
7059957745,0.03
9287454518,0.02
7856022041,0.02
6951052146,0.01
8535501322,0.02
2960908908,0.01
2137449022,0.01
7187900681,0.02
1546109566,0.01
1398082048,0.05
9224290124,0.04
3965430671,0.02
5831353475,0.04
3571222358,0.04
2924444819,0.01
1518746451,0.01
1914872433,0.04
1870645186,0.05
9663018836,0.03
4109165082,0.05
2730462540,0.03
5712205599,0.02
6826404247,0.03
5268856209,0.02
5252203854,0.03
1505065792,0.02
8312632004,0.02
4769479679,0.04
4813995670,0.04
3768064307,0.02
6673702534,0.04
5335881381,0.04
7073071216,0.02
5424378347,0.04
5255534155,0.05
6588894487,0.04
6529286848,0.04
4451821041,0.02
2346027427,0.02
2740065740,0.03
8707765296,0.02
7033223742,0.03
1926699450,0.02
6064763293,0.03
4623562619,0.04
2107844036,0.02
5885112150,0.03
3605884718,0.02
5436276828,0.02
2681284468,0.01
4143900652,0.03
9911554692,0.05
7388735216,0.01
5291256611,0.04
3814764279,0.02
5365178298,0.03
2264246984,0.04
4822744688,0.02
6052076840,0.02
8682876854,0.02
5482014783,0.01
8942531534,0.04
4182649252,0.01
1977532384,0.03
3844909530,0.04
5885488310,0.05
7634021707,0.04
3798526096,0.01
6208408777,0.05
7105471211,0.02
2748657932,0.05
8776546576,0.05
9020540304,0.03
6660417273,0.01
2516078156,0.04
2908675700,0.04
3324461328,0.02
8673845382,0.02
5168410878,0.03
5880533238,0.03
8235299889,0.03
9645008838,0.03
7218831014,0.04
8456251189,0.05
7766586500,0.03
1108651783,0.04
7678765600,0.04
7101382627,0.03
7044058699,0.02
6796401060,0.01
4890283925,0.04
4816600721,0.05
2198116183,0.05
6375715533,0.03
6170077237,0.02
6136013192,0.02
4872896276,0.01
9190231468,0.03
2590624306,0.03
5497094148,0.03
7060736121,0.03
3060054034,0.02
1279792941,0.02
6526013944,0.04
6295300404,0.02
1432606390,0.04
9219551513,0.04
9716452512,0.03
9180466101,0.05
6717557242,0.04
1163749752,0.01
5390043303,0.01
4416555017,0.03
3489873604,0.04
2042041648,0.04
2088305768,0.03
7489443089,0.03
8759294188,0.03
4418513697,0.02
2154777586,0.01
6643188821,0.03
1333826033,0.03
7935268889,0.02
5641889906,0.01
7142077883,0.04
5387673994,0.05
3374144749,0.02
8710431823,0.03
3604858293,0.04
9405388703,0.04
3994645187,0.02
8880117889,0.01
3033577533,0.04
5363852917,0.02
1509093380,0.04
3409305582,0.05
2045106703,0.02
4188286879,0.01
5780453146,0.01
9783862478,0.04
9236738041,0.04
3264250201,0.03
3455678577,0.05
3173039277,0.03
3336551515,0.01
4049144976,0.04
2942283201,0.02
2798470301,0.02
8219114933,0.03
1090936301,0.04
7663273642,0.03
8438826775,0.04
6106703486,0.02
3441439887,0.02
1333766384,0.03
8921227232,0.01
8904221178,0.02
8607324080,0.02
1120813372,0.04
2023017266,0.04
2050321280,0.03
8883086797,0.03
2833706500,0.02
9978743291,0.01
2889730764,0.04
3960580555,0.04
2608267583,0.02
6138915901,0.02
2796322642,0.05
2283459403,0.03
6523548163,0.03
6525162664,0.04
3284205038,0.04
4885347107,0.05
1035921187,0.03
3992066968,0.02
7628143385,0.01
3924207774,0.04
7444743454,0.04
5727959072,0.04
7198602690,0.04
8340206075,0.01
7879091501,0.02
4287224252,0.04
5624969666,0.02
1882856080,0.03
7236639261,0.04
3081866571,0.04
9556025630,0.03
5268398107,0.03
5600065469,0.04
3749378941,0.03
9672348309,0.02
3401817624,0.04
3350941147,0.01
5111077874,0.03
3864782537,0.02
9454024684,0.04
1258649049,0.01
9681577379,0.03
3285066496,0.02
3015198781,0.02
8040876357,0.03
8149644082,0.03
6508361621,0.02
9387519453,0.02
1694746216,0.02
5346095602,0.04
8381086609,0.02
2362233335,0.02
8038063781,0.04
1410397403,0.03
8764777743,0.03
8846386859,0.03
8507897351,0.03
6573655154,0.03
5231802990,0.05
3376446083,0.03
4149457376,0.01
9943751136,0.05
5030648881,0.02
2741122528,0.02
6503631670,0.01
3853051290,0.04
6666827063,0.04
6700191435,0.03
8754113487,0.02
7339637833,0.01
8866116626,0.03
3543125215,0.02
5545604888,0.04
4119154460,0.04
3704563561,0.04
4801949497,0.01
4655295948,0.04
1635797400,0.05
5990573513,0.04
6955219597,0.03
8786955914,0.03
6652338488,0.03
3603703354,0.04
9061714434,0.04
7859252940,0.02
3806530270,0.03
1874465893,0.03
7429938140,0.05
8602254052,0.04
2207253187,0.04
5577508503,0.03
6190867144,0.01
4410768950,0.01
7346963787,0.04
6666835819,0.05
6009209560,0.02
9552003211,0.04
4832187930,0.04
4377557857,0.04
5287537828,0.02
4703567424,0.04
9408665203,0.02
7908158490,0.02
3136276689,0.01
2187750365,0.01
7002829824,0.02
1663798704,0.03
4861532661,0.03
7539057570,0.02
6387731756,0.02
5955301036,0.03
5876388616,0.04
2533251851,0.02
6110894300,0.02
7335700806,0.04
9219778749,0.05
3642088375,0.02
2196613456,0.03
9717889656,0.02
5204104824,0.02
7367235802,0.03
6087688868,0.05
5667604773,0.01
1149064607,0.03
5719477657,0.03
5930413260,0.03
2666519564,0.04
8984455967,0.05
4664530819,0.05
8959905847,0.03
2998298575,0.01
8001910997,0.03
6978567692,0.05
1702192899,0.03
7655343315,0.05
7344463612,0.05
8375045444,0.04
1707519784,0.05
2698780750,0.03
6674689621,0.02
7759639698,0.03
5065960030,0.03
4265628001,0.02
1779628268,0.01
3397239183,0.02
8162830007,0.01
8618441260,0.03
9958465159,0.04
8474137562,0.03
5187845000,0.04
7103857121,0.01
6939745104,0.05
7711649726,0.04
6834999199,0.02
7438681184,0.03
8826597836,0.04
9464843134,0.02
8887143142,0.04
3420735694,0.03
8161672061,0.04
3876213269,0.02
8456531353,0.03
9122581994,0.03
9112227422,0.05
5107913705,0.02
8905630294,0.02
4405710706,0.01
3009770125,0.04
2618675985,0.04
6120497661,0.04
9110594365,0.02
2077410880,0.04
6346289132,0.03
4443152350,0.03
6667590564,0.04
2712950042,0.02
4731905452,0.03
4710732719,0.03
8443279896,0.03
1300918272,0.03
6693529569,0.02
5901803547,0.04
4899428901,0.05
9499586848,0.02
8065592053,0.03
4956365035,0.01
7342219887,0.02
4606638265,0.02
3068014783,0.04
1043847662,0.04
3414834645,0.05
1911835094,0.03
9789811250,0.01
2499918414,0.03
5178237950,0.02
4939832868,0.04
3424845922,0.03
7967353571,0.02
7368936805,0.01
1907255781,0.05
1977800403,0.04
9697102729,0.03
7358869297,0.03
5836045090,0.03
7565349908,0.04
6413197454,0.04
6207304644,0.02
6399497466,0.02
8174469227,0.02
9228469526,0.03
4650645147,0.02
2284200753,0.05
2154087495,0.03
2275947099,0.03
4752893631,0.02
7192034211,0.04
9869163060,0.04
2644894610,0.02
5188633707,0.03
2363773177,0.01
2519667976,0.05
9102412414,0.05
6693263500,0.03
5395203581,0.02
3111913075,0.04
2791728018,0.01
8695131756,0.01
1705437987,0.05
8049542279,0.05
4791215553,0.02
4593891706,0.02
4783612593,0.02
3088523435,0.02
9337572364,0.04
4578974189,0.05
8987853547,0.03
2892494839,0.03
1162804758,0.05
8966829036,0.05
6065697295,0.04
8658981623,0.04
4990599335,0.04
8228159699,0.02
5091521234,0.02
4574685199,0.02
7299797212,0.02
6245439923,0.01
2377607880,0.05
5508176064,0.01
3471899964,0.04
6385916808,0.02
6905962860,0.03
5877380676,0.01
4755718187,0.02
7604778331,0.04
8054912257,0.03
4077822112,0.03
2925945310,0.03
8060506168,0.02
5124495666,0.01
6897397535,0.05
9565406002,0.04
5729889753,0.02
8351351105,0.05
3269776751,0.04
3620260438,0.01
1857021147,0.03
1066255267,0.04
2904972328,0.05
4328116189,0.02
6976461987,0.03
8779892399,0.05
2745590185,0.04
2677093803,0.03
3320405781,0.01
9536836413,0.01
9427042963,0.05
5715772013,0.04
5209000953,0.02
3817847689,0.04
8885772994,0.04
7977806044,0.02
3158346421,0.04
1382375802,0.01
9081371599,0.03
2152983372,0.03
1745766315,0.05
1644558738,0.05
6644380849,0.05
6545032723,0.02
5929827256,0.04
6480193369,0.03
2530083638,0.03
4871737467,0.05
6919611365,0.04
3627084652,0.03
5527342276,0.01
9059654716,0.03
6563044895,0.04
2685219194,0.04
8147314138,0.03
5623800855,0.02
2959828793,0.03
9264495114,0.01
4640954546,0.02
3814708881,0.02
9865791985,0.04
2046385895,0.03
4028356692,0.03
2601668585,0.04
1096707838,0.05
1080121472,0.01
8963584908,0.05
2294612385,0.03
2380107629,0.03
8141063379,0.05
9530986453,0.04
4144179534,0.03
4847431680,0.04
3896246153,0.03
4419091206,0.03
5666728936,0.05
8396097271,0.03
4716760414,0.02
1823255438,0.03
8688683009,0.02
1361607322,0.02
9004099137,0.02
5727962777,0.02
5995682868,0.01
9276145765,0.04
1768913139,0.01
5520195748,0.05
8307683090,0.04
2841084662,0.03
5643186610,0.03
8751814838,0.05
6465453804,0.04
1724580538,0.05
1808249501,0.04
6802932542,0.01
4449348188,0.02
9223478965,0.02
8323345920,0.01
5512416524,0.04
8416161759,0.05
7632094103,0.02
9577014659,0.04
8033887804,0.03
4155297724,0.02
2082846310,0.05
8447603135,0.02
2300354982,0.05
8833856285,0.04
8917724163,0.03
2073136019,0.03
6069628674,0.01
6343288475,0.03
6294539692,0.02
5807837634,0.05
5742374981,0.02
5262724435,0.02
1452078216,0.02
8966934722,0.02
2725460915,0.04
4350159512,0.05
6425025848,0.03
5147557764,0.04
6983083043,0.02
3160397234,0.03
6178418116,0.02
6326924824,0.04
5323020601,0.04
6211434645,0.01
9512087572,0.03
5441751128,0.03
4979996454,0.05
9463497738,0.05
3581553236,0.04
1063766524,0.01
6504647160,0.03
4371270127,0.02
8473211729,0.02
6281675375,0.03
1315209245,0.03
2458783702,0.01
4097820704,0.02
7901424756,0.01
1748828425,0.01
9933026387,0.05
8231661848,0.02
7358010690,0.03
1985738865,0.04
3947659929,0.03
3072760331,0.05
6910533363,0.05
9972342424,0.04
9643142368,0.03
3972705495,0.02
7642370396,0.02
8686767277,0.04
4464427681,0.02
5266310753,0.03
9589887789,0.04
4746856923,0.01
6394901930,0.02
9292366764,0.03
7642173983,0.04
7088445850,0.02
3102232466,0.02
6914528597,0.05
3692026203,0.04
2565495777,0.05
1297342673,0.03
3671014789,0.05
9231666488,0.04
3333201391,0.02
7486713527,0.01
6728468172,0.05
7885271717,0.05
6341857894,0.02
7285550319,0.05
4412036919,0.04
4613489305,0.02
8115106256,0.01
7145446431,0.01
6931952027,0.05
2922024022,0.02
3280000724,0.02
2107041458,0.04
2079271346,0.01
1084762791,0.04
5065633318,0.02
3306973528,0.05
7050108698,0.02
6973028839,0.03
2033491666,0.01
9887456869,0.03
4854431347,0.03
4203584414,0.05
4101220469,0.02
3344383601,0.05
4134113842,0.03
7292369968,0.03
5639217726,0.02
5368978819,0.04
7119986832,0.03
9251394518,0.01
3751146264,0.03
8970576220,0.05
5004295598,0.03
4999739268,0.04
2280001691,0.02
4856069042,0.02
4736306146,0.02
7052218440,0.04
5860570902,0.01
1134968381,0.02
9999334511,0.04
3821511203,0.04
8385349398,0.01
9268475876,0.05
4816767849,0.03
7971820269,0.03
8864336666,0.02
2036316270,0.04
2445699311,0.03
8113400885,0.05
1491997384,0.04
4308302012,0.02
1211412417,0.03
7735198552,0.05
1813966591,0.02
3808616705,0.05
9290926070,0.02
4323212709,0.04
3162000146,0.02
8955378494,0.02
6714026141,0.03
6850949170,0.03
5234472131,0.05
5659346351,0.04
4672776241,0.01
3369794238,0.04
8806214050,0.04
5554536527,0.02
8199321829,0.01
4445474632,0.05
4460210578,0.01
5786161846,0.01
6001774472,0.02
3576534494,0.02
2172869517,0.04
2720673709,0.04
6214264648,0.04
4604530330,0.01
3776916407,0.02
3321721101,0.02
9051690621,0.01
6914459121,0.04
9652488395,0.05
7925866022,0.03
5225531677,0.05
9529593711,0.03
3988291240,0.03
2530895247,0.02
7139389685,0.01
5974828863,0.04
2343496719,0.02
1994281934,0.02
2262964622,0.02
3657527556,0.04
6833278646,0.02
2695917818,0.02
3583746578,0.01
9911986240,0.01
6386492107,0.04
4954199777,0.03
5148239354,0.04
7260064485,0.03
3471353661,0.03
7564678502,0.03
3006781899,0.02
9173976789,0.02
2614571704,0.02
7728839956,0.02
2860930589,0.03
3823369654,0.02
5706514990,0.04
6988395766,0.04
1162301014,0.01
9226278992,0.04
3384899292,0.02
8811536184,0.02
4217069477,0.01
6313880705,0.01
2574863491,0.01
1474386503,0.05
7206735625,0.03
7432861311,0.04
6470290488,0.01
7325088247,0.02
4991355242,0.03
3513288318,0.03
6120966891,0.02
1175544639,0.05
3056981074,0.03
9713513098,0.03
6921359159,0.05
1403681338,0.02
4146667525,0.02
6090725606,0.03
1568118957,0.01
5099856111,0.05
3187482793,0.05
1074524732,0.04
3875548005,0.04
8597273575,0.02
7164488594,0.02
5492271205,0.02
3265664981,0.03
5468199079,0.03
4400601885,0.01
3012835689,0.03
9425361498,0.03
6982697031,0.03
3070688795,0.03
2557059004,0.04
5872112835,0.03
1862821392,0.05
4582872860,0.03
7107925003,0.02
1049069579,0.03
3481577300,0.02
5418655466,0.03
3276732213,0.05
2216990264,0.01
7938320148,0.04
2025797980,0.04
7168858740,0.01
9869650513,0.04
7773046360,0.01
4548308140,0.05
6991778215,0.02
2462411341,0.05
5986495391,0.03
6268414433,0.02
8252378479,0.02
5378514540,0.04
7838259375,0.04
7735348590,0.03
5761242653,0.02
9409230201,0.05
8826450593,0.04
4788442398,0.04
8913181203,0.03
5679478904,0.04
8439786517,0.03
5292787046,0.05
9547228779,0.01
2097619637,0.05
4350856535,0.03
8736145236,0.04
8740043314,0.02
7252154328,0.04
6212769345,0.03
2008029560,0.04
5307586946,0.04
8422400241,0.04
8330531861,0.02
9807763032,0.02
3775280107,0.03
4662240253,0.05
9196342474,0.04
2056488253,0.03
7657725012,0.04
8750824144,0.01
6752452342,0.02
7478068253,0.01
4314346794,0.05
8289954290,0.02
1149774553,0.02
5607414252,0.04
5127849045,0.02
9254493852,0.04
1325338629,0.03
4646768826,0.03
6842683817,0.03
6762751048,0.03
8349953447,0.04
5850451078,0.04
5513853585,0.02
3521517770,0.05
1935301659,0.04
6679729216,0.03
6754092256,0.02
2970518980,0.02
5901826631,0.03
4347321405,0.04
5389374015,0.03
8665649916,0.04
2702743071,0.02
3740869774,0.02
9252460886,0.02
7716009630,0.01
6471755102,0.02
6005401714,0.01
2371749962,0.01
1277319929,0.03
9089348182,0.04
7495216552,0.02
8995096090,0.04
2109072361,0.04
2872465243,0.03
5210429748,0.03
1709570018,0.03
1867801162,0.03
7659848742,0.03
8508822822,0.05
1959458925,0.03
4259635273,0.04
4208399534,0.03
1203737850,0.04
2153157717,0.03
5471439140,0.05
6360288265,0.02
6486227363,0.04
3701411987,0.04
3808801623,0.01
2980314973,0.05
1886114587,0.02
5424086091,0.04
5346272138,0.04
4731712120,0.03
4265572198,0.03
8242632452,0.01
3469317348,0.02
5237043097,0.01
7182438665,0.05
3260078619,0.01
8893383861,0.03
6659414817,0.05
2819378987,0.02
6367134334,0.04
4934069720,0.02
6464408210,0.02
9115622155,0.03
3990986992,0.04
9517522318,0.04
2004885235,0.04
8397144690,0.03
9988669055,0.01
9280004832,0.03
4665841815,0.02
9950382800,0.01
9978505062,0.04
9071922047,0.01
4811855606,0.02
8855209814,0.04
2123191511,0.01
8058360061,0.04
2278245040,0.04
5919970238,0.04
6444529722,0.01
6422848455,0.04
6599315989,0.05
1533374499,0.01
1942115794,0.04
4187017525,0.05
9382826624,0.05
1631758737,0.02
6968598534,0.04
8277992204,0.04
4960420728,0.03
9227542091,0.03
7532556872,0.04
5548738294,0.01
2698696466,0.01
2090492518,0.04
8503789347,0.05
2912600352,0.02
3327029253,0.02
8903878284,0.02
4866299303,0.02
3037733871,0.04
4783594931,0.01
4690987941,0.04
9430343182,0.02
9358178583,0.02
8752549872,0.03
9699898522,0.03
5950652123,0.04
5653603114,0.04
6773196570,0.05
1262069549,0.05
8715764465,0.04
6305978306,0.03
3597847676,0.03
5930882965,0.01
8395725605,0.02
5834602655,0.05
9929255849,0.03
5475192390,0.04
3423098721,0.03
1991025645,0.03
8576007181,0.02
8368512691,0.03
8275261882,0.02
1727916590,0.02
9212942145,0.03
5259463101,0.04
8025874701,0.02
4620260722,0.02
4324034282,0.04
3445045170,0.05
9455535460,0.04
3888512727,0.03
4753501768,0.02
7543346960,0.02
2105929025,0.02
1111452771,0.03
9999495303,0.03
7860258777,0.04
1183518460,0.02
9419479246,0.04
6814658524,0.03
8775820814,0.05
5645786937,0.02
1856238409,0.02
8539100541,0.03
5735762838,0.02
8659319320,0.01
6076192586,0.03
9912850441,0.01
5624131405,0.04
9664077389,0.02
5899492802,0.01
3794524652,0.05
7234206114,0.01
2105180966,0.02
8159689146,0.02
3137687421,0.04
2531305394,0.05
5622574754,0.01
6863729545,0.01
1857153223,0.03
8521679896,0.02
3605932152,0.02
7120327845,0.04
7124562872,0.02
8760389463,0.03
2987394313,0.02
9342789388,0.03
7133580145,0.01
2056078049,0.02
8171972421,0.02
8161335758,0.03
8893213819,0.01
4724382989,0.04
4074201513,0.04
9745131132,0.02
5932997256,0.03
2320940368,0.04
4500855941,0.03
7504141070,0.03
3208224194,0.02
6057487784,0.02
1686068585,0.04
3532554048,0.03
7753269558,0.01
3681868524,0.02
3575763751,0.04
9723129516,0.02
1063429985,0.03
7214698857,0.01
3853709469,0.05
6184929301,0.01
3541435041,0.01
5974653969,0.04
1774410537,0.01
8566599374,0.02
5941676673,0.04
9134377134,0.03
6376671685,0.01
6672629231,0.01
6074871017,0.03
7473800915,0.05
8217117093,0.04
1264796720,0.05
9940068181,0.03
6264229944,0.04
3483495769,0.05
2810885340,0.04
9880145664,0.03
7474626488,0.02
4143069460,0.04
5181770944,0.03
2523799679,0.02
3198860589,0.05
1612323634,0.01
6527667353,0.05
9105303440,0.03
7104945191,0.02
2763858392,0.04
4547715896,0.04
9306280725,0.05
1671090898,0.04
8987508433,0.04
3489939866,0.02
9881296404,0.02
4275197468,0.02
3410258797,0.03
8459815502,0.03
4029222925,0.02
6968302065,0.02
2708138059,0.03
5751290308,0.03
8097921812,0.02
6744138501,0.03
4151181283,0.02
7620600834,0.03
8635342367,0.04
5923526840,0.03
8307164797,0.03
4521404936,0.03
2531797519,0.01
9831477618,0.04
4170305759,0.01
9900080409,0.03
7578485273,0.05
2028044447,0.05
6274931713,0.03
5058986949,0.05
7504366222,0.02
1633164745,0.03
2686391433,0.03
8262147099,0.02
8352182684,0.02
4659544225,0.03
2490642631,0.04
2653435293,0.03
2981649008,0.02
3130832347,0.05
6067176115,0.04
4783047654,0.04
5036309279,0.04
8703156008,0.01
9408256575,0.03
2981178634,0.01
3442478584,0.03
1845376314,0.02
6839611203,0.04
9661104762,0.02
8662037254,0.02
5470889796,0.04
5640418930,0.03
8400993907,0.03
7481531541,0.02
2305572367,0.02
8474357172,0.05
7373293014,0.03
6882596625,0.03
2656114659,0.05
1800736915,0.04
2617794847,0.05
1865086840,0.03
3705473554,0.02
2491497739,0.04
6321476261,0.05
5887217529,0.05
8224445397,0.03
8489106049,0.02
8314242877,0.03
5052915944,0.02
7080172707,0.01
2304056389,0.04
4245031991,0.03
3638489918,0.02
2112743384,0.03
8776799640,0.03
4445583787,0.01
5191388366,0.03
4123750945,0.02
1773529856,0.04
2141203127,0.01
1854837649,0.02
1405230526,0.02
4268166912,0.05
2493206316,0.04
5195382264,0.03
2861465905,0.02
2126589820,0.03
2366425343,0.04
4342800141,0.02
2153433401,0.03
4127128844,0.04
8006117896,0.05
9463358012,0.01
9577307117,0.04
4009441435,0.02
8933834429,0.03
8623186003,0.03
2038867499,0.03
6931913692,0.04
8511142266,0.02
7494707474,0.02
1433543745,0.03
5800665161,0.04
5216546327,0.03
2192780590,0.03
5393127832,0.03
9574520308,0.02
3145784286,0.02
3088256009,0.03
4281469603,0.02
4451093838,0.04
5587561686,0.04
9390345539,0.04
1078167702,0.05
2033469547,0.04
3974908194,0.03
3948489009,0.02
9719054301,0.01
5495778087,0.04
3385432207,0.03
9368068401,0.03
5304450512,0.05
6032583212,0.02
1559420946,0.04
7941368675,0.05
4625909463,0.04
6957287396,0.03
5861501927,0.01
4660683997,0.05
7256567844,0.01
3456677380,0.05
2960790183,0.05
7291585768,0.04
7445923010,0.03
5736355646,0.03
6598481488,0.02
4979982740,0.02
4054349692,0.04
3323881968,0.01
2146156380,0.01
4485521030,0.02
3239042310,0.04
7693834598,0.05
9477571804,0.04
5081329256,0.03
5005262529,0.03
6718743777,0.02
6031674444,0.04
2200262491,0.02
4965895170,0.03
6773575811,0.03
5688789649,0.02
3770846349,0.03
7327657751,0.01
2984986725,0.01
7380537651,0.03
5442011463,0.01
6858195017,0.02
3607853121,0.04
2807606699,0.05
4231119032,0.05
7431606988,0.02
3790061862,0.02
4422058821,0.04
2843428764,0.01
1275580766,0.05
6724698752,0.04
8043583560,0.02
4794388305,0.02
3428333983,0.03
4799791402,0.03
9036247233,0.04
1017374344,0.04
6715901556,0.03
6647735269,0.03
3138758688,0.03
3938767384,0.04
8266021835,0.01
3527325501,0.05
4747375083,0.04
6127347694,0.01
9988675145,0.02
3636952751,0.03
3191547176,0.04
2089136838,0.03
1336646047,0.02
1613683475,0.05
2268785559,0.04
1373966873,0.03
6612967855,0.02
7266087640,0.01
7540720432,0.02
7668630881,0.04
4972263276,0.04
5485215488,0.03
9373784634,0.01
1671583125,0.02
1863867472,0.03
7307885989,0.01
8540042524,0.02
1503770108,0.01
2018030721,0.02
5055846760,0.03
6074847225,0.04
5268509360,0.02
7407877101,0.03
3826123727,0.04
7866892531,0.04
9621289053,0.02
8033757248,0.04
5690397274,0.02
9891872424,0.03
5142115250,0.04
3233318009,0.04
4793117767,0.04
7050549624,0.02
9956389345,0.03
2381891959,0.05
5499847893,0.05
9665243590,0.05
8104754513,0.03
3574091604,0.04
4561295605,0.03
3348522323,0.02
3666249726,0.04
3282066347,0.03
3334548295,0.03
1810706145,0.04
8394364572,0.02
2709851084,0.02
7308701763,0.02
4252078774,0.04
3157644256,0.02
5134248688,0.03
8124654070,0.02
1918711182,0.04
8050683592,0.04
9420634690,0.02
8428514429,0.03
6807887394,0.03
5288017223,0.04
5082371571,0.02
7523554529,0.04
6605817899,0.03
3410564117,0.05
4881135959,0.04
6087743520,0.04
7827983869,0.02
3934699948,0.04
9329243710,0.04
3739004049,0.01
8241867762,0.02
6446945790,0.04
3615338619,0.02
9333716588,0.04
2282601064,0.02
7637105846,0.01
3288975894,0.01
5093267651,0.04
4134935077,0.03
8981142712,0.03
8335136824,0.03
1937165615,0.03
2773683196,0.05
8162118407,0.04
3694177168,0.05
1494908449,0.04
1944130859,0.03
5512307680,0.04
2900296057,0.03
8803088549,0.04
1025671287,0.03
9151556889,0.02
7748140314,0.05
9599460072,0.03
9931262882,0.04
2988013612,0.02
5854964229,0.05
4290399218,0.03
6412387282,0.05
4756951691,0.04
4511080294,0.01
4214164626,0.02
3284553206,0.04
2447901324,0.05
6424801093,0.02
7570590703,0.04
7778434809,0.04
5392159445,0.03
1662849344,0.04
8961834577,0.03
1973235816,0.03
5175168489,0.02
1688980499,0.02
9620018595,0.02
2008558525,0.02
6490471701,0.03
6196901959,0.05
9564922312,0.04
3457166284,0.04
9330768399,0.05
8443847333,0.03
5323886474,0.02
1649813478,0.04
1775146771,0.02
3444662679,0.03
3158170790,0.03
6239857643,0.03
7119594458,0.01
1787179638,0.01
9358300004,0.03
8059995188,0.03
4799535290,0.01
6871299324,0.03
1931952477,0.05
5522335589,0.03
1318304305,0.02
8474054906,0.04
5686538826,0.01
6938326543,0.04
8467447107,0.05
2166275295,0.05
2910157639,0.02
7031837555,0.03
5475011608,0.04
5341359866,0.04
9780039074,0.02
2277540169,0.01
9083089151,0.04
7849750588,0.04
2106224980,0.01
1508176850,0.04
3724193033,0.05
5820481280,0.02
1894875322,0.01
4965830870,0.03
7019475475,0.01
2715123025,0.01
9338295205,0.04
1683492420,0.02
4282540951,0.04
1993521599,0.03
5869141260,0.03
2633654542,0.04
4936870366,0.03
5129388371,0.01
4324593618,0.04
2448514428,0.03
8058565782,0.02
7529320922,0.04
5209653671,0.03
8536831673,0.05
4768305710,0.05
2631573982,0.03
2340556643,0.04
1851494962,0.05
4577501205,0.03
1413723489,0.04
5055793193,0.05
5685300375,0.03
3914815667,0.04
5363607659,0.04
8430060016,0.04
8878055063,0.03
1845573031,0.02
9731774429,0.02
4705191879,0.03
4078236465,0.05
2706101910,0.01
4639067196,0.04
9850249809,0.03
6038465755,0.05
2971107658,0.03
9327947802,0.04
2434890051,0.04
9648802769,0.01
5766367445,0.01
7601276145,0.04
1672281980,0.03
7312377514,0.02
3133099724,0.03
7981405205,0.05
3519528420,0.03
6520005586,0.05
8740496826,0.05
7462822047,0.01
1341216484,0.03
1909743461,0.03
7730845927,0.05
4043158173,0.04
8458711846,0.02
3829857111,0.03
1298599242,0.05
7718035726,0.03
8406591058,0.04
9901417556,0.04
8142768396,0.02
3770471815,0.04
9329959731,0.04
4682643117,0.03
3611200306,0.03
8667297375,0.01
8796143446,0.04
5804037541,0.03
6122897002,0.04
6351993726,0.02
1032009973,0.04
6064198215,0.04
9395236909,0.04
2305582995,0.02
3169929276,0.01
9696139734,0.04
8390391340,0.02
4214247233,0.02
6836606836,0.01
9297327649,0.03
2408323678,0.05
4449856397,0.04
2050560520,0.04
6195894055,0.02
1378981406,0.03
7452477375,0.03
2831431263,0.02
6820095516,0.02
7850364724,0.01
6767704038,0.03
5747258889,0.03
6914019104,0.03
8170101890,0.03
2232279832,0.03
6009673662,0.02
5306208841,0.04
6238130285,0.02
6388847817,0.01
3463675314,0.03
8270122982,0.03
9370634199,0.03
5380722816,0.03
3638694472,0.03
6092313277,0.03
8231022723,0.01
9209413517,0.02
5478548112,0.03
8436149906,0.03
2251618864,0.04
4738529080,0.03
9364044099,0.01
8024674298,0.04
1000484681,0.03
7426962905,0.03
7050286860,0.04
7405940029,0.02
5551314933,0.02
1684240153,0.04
3670267659,0.02
2617904917,0.03
1304896337,0.05
3269825046,0.01
7824456773,0.03
4492929397,0.03
9724746671,0.05
1243791252,0.02
3660335582,0.04
6595256153,0.02
3509330017,0.02
2518126112,0.02
7828175870,0.05
6243414270,0.03
5542672522,0.04
2603356226,0.03
8700503326,0.02
5964727741,0.02
1655936523,0.02
9515986370,0.03
8976842077,0.03
4261558130,0.01
9167606821,0.02
1489411148,0.03
4663027885,0.05
3357551149,0.04
4914975101,0.05
2418515725,0.02
3826745665,0.02
8283087568,0.03
2342822294,0.02
9745465107,0.02
8367512892,0.03
1902277085,0.01
9286284736,0.01
3737011561,0.02
9782730231,0.02
4739596015,0.05
6305760210,0.04
3989804182,0.03
1595474453,0.03
9831041985,0.01
3442515661,0.03
3576922142,0.01
8178338835,0.02
3214491157,0.04
7184619712,0.03
1270113096,0.05
4949625305,0.02
3611066933,0.03
5661201014,0.01
7171934061,0.02
8672221865,0.05
2349354329,0.05
7304739300,0.04
4967096288,0.03
1996226964,0.03
6418805720,0.04
1573707538,0.05
4780379731,0.01
4489094925,0.01
2731463511,0.02
9850868174,0.04
9835665530,0.04
4861282043,0.03
1969066457,0.05
1028585063,0.03
6499763213,0.03
9803312941,0.03
4551651370,0.03
1600993254,0.02
7410505336,0.03
4163308485,0.02
9463158279,0.04
7443812773,0.04
6787398419,0.04
8883373304,0.03
7743179144,0.03
3860474968,0.04
9688402432,0.04
1891801350,0.03
6563766898,0.04
4116191322,0.03
6985615717,0.01
7261516682,0.02
1210442947,0.05
9764754293,0.05
8949390960,0.02
3836634830,0.04
2439536136,0.02
2336731213,0.02
8183909321,0.04
4393688310,0.04
4494684908,0.04
1504805897,0.02
9659805556,0.02
5498077286,0.04
4946104149,0.01
6069934857,0.03
7802988697,0.02
5138439388,0.02
1584840505,0.02
1613027142,0.04
4708004392,0.01
8446110657,0.04
3929202884,0.04
7274685338,0.03
9032672994,0.04
8641017936,0.02
9136148819,0.01
4889710458,0.01
5970685793,0.03
5050298687,0.04
8105161955,0.02
8808773578,0.04
1036118318,0.04
7537818734,0.04
4644177852,0.02
9899590801,0.03
4298390388,0.03
6723820411,0.04
3201240577,0.02
4193643355,0.02
6818714614,0.02
6378156167,0.03
9691679474,0.02
8545574795,0.01
1308847001,0.04
1785821084,0.02
9572508740,0.04
9099065185,0.03
4680370188,0.05
1675985232,0.02
5482401977,0.03
3124292524,0.01
4891480627,0.04
7220793240,0.01
6419881529,0.04
8803359193,0.05
2134585115,0.04
5080201704,0.04
3143095174,0.02
6325060345,0.05
3708821971,0.04
5147042842,0.03
3874909534,0.02
8176445616,0.04
2010902606,0.03
9176761550,0.04
5328919418,0.04
8639105227,0.01
3352455181,0.03
2124713502,0.02
5031272327,0.02
1623234442,0.03
3189927990,0.02
2208935831,0.03
7357953606,0.02
1464820002,0.02
9480862610,0.03
2866525524,0.04
4155162724,0.02
3562668250,0.03
9184839215,0.05
2492114930,0.03
6404339192,0.04
7093627043,0.01
7385317165,0.04
2319268281,0.04
7816037074,0.03
8069296530,0.04
6911004992,0.03
4090181518,0.04
2863350964,0.03
3567972452,0.03
9492242778,0.04
6520325877,0.02
5904786707,0.02
2131280425,0.03
9917549914,0.04
4374467318,0.04
2038220887,0.05
3477231039,0.03
3104163193,0.03
8290917123,0.04
5472386216,0.03
3792940865,0.02
5024687682,0.04
2147266041,0.03
5529435834,0.02
5977860025,0.01
8941805575,0.03
3270834016,0.04
7653174164,0.03
2265773402,0.02
2518584743,0.04
6440223797,0.03
8111765056,0.03
9920918207,0.01
4861325736,0.03
1219659839,0.03
3738847017,0.03
5081271999,0.02
4447096246,0.04
7030403100,0.02
8041177721,0.04
5648500989,0.02
8862088360,0.02
5905162092,0.04
1559969834,0.03
4611548706,0.04
8802642203,0.03
2157020380,0.03
9148992300,0.04
5257416841,0.04
2180639351,0.01
5507454611,0.05
9761185638,0.03
8873027442,0.02
7832766542,0.01
1516422792,0.01
5333460587,0.02
3142999903,0.03
6721423712,0.01
4765767209,0.04
5901202235,0.05
4989317750,0.05
7282106652,0.02
5785317950,0.02
8180346380,0.04
2452299136,0.04
2839677181,0.03
6060132519,0.01
8108687752,0.05
8960155121,0.04
5560035608,0.04
1025822101,0.03
4460058101,0.04
8116795135,0.04
3603953773,0.02
5291613704,0.05
8808220623,0.05
5612352214,0.04
9004093015,0.04
4948827684,0.04
2570050741,0.03
7752196859,0.04
6997500947,0.01
1160506106,0.05
3306488629,0.03
1353894243,0.04
8947763275,0.03
2791356811,0.01
7104893637,0.03
4609726702,0.02
7542023593,0.04
9997953463,0.04
4164501933,0.01
2589587300,0.04
2267091593,0.03
5312206163,0.03
2198276029,0.05
4486379510,0.02
4467010809,0.04
8092048916,0.04
5631847014,0.02
6861648025,0.03
6972322758,0.04
3422890250,0.05
9532394799,0.02
2444027534,0.02
4055959453,0.03
7225227864,0.02
4167144244,0.01
9847514612,0.04
9671397095,0.03
4478757604,0.04
1677194799,0.02
8983843604,0.03
5377110539,0.05
3265488277,0.03
6471309798,0.04
6467997675,0.03
4238303037,0.04
3519063761,0.04
3841874585,0.05
4817932444,0.05
5989106720,0.02
6128255976,0.02
2213030390,0.01
6202663064,0.04
8661023821,0.03
3746514099,0.04
8126048022,0.02
3611825221,0.04
2537563149,0.02
9869237663,0.04
1185663865,0.03
5489340278,0.03
4868882274,0.04
2071805451,0.04
7880078025,0.03
9036837708,0.02
5135657421,0.04
7882345891,0.01
3556116445,0.04
8926168750,0.04
7772281520,0.03
5537481344,0.03
2817236879,0.02
1609588084,0.03
8640246738,0.03
5142904169,0.04
8143550175,0.02
6440318749,0.05
7131109151,0.02
5786366083,0.03
9301433017,0.05
9980450119,0.01
1905688113,0.02
6030445806,0.04
5041703374,0.05
6354612715,0.03
3167089746,0.02
8824638675,0.03
7777258534,0.04
8644354398,0.03
9063060768,0.03
1875607662,0.04
5622686437,0.02
8138222880,0.03
7586417941,0.02
3060456425,0.04
6219974191,0.03
6384021133,0.04
6417735904,0.01
5051307912,0.02
3274357814,0.03
4602332758,0.04
1677342949,0.04
8097430718,0.03
3706116517,0.03
8688809018,0.02
5215837760,0.05
7453978989,0.05
1081626623,0.02
9639484091,0.03
9676523318,0.01
1556186853,0.02
4370674580,0.03
8104848645,0.02
8294327618,0.02
3851045809,0.02
4197163012,0.05
4330859680,0.04
3986255710,0.01
6286061014,0.02
6035208158,0.03
8066755627,0.04
1190891597,0.04
5413154334,0.02
2775272864,0.02
3143590373,0.03
4025987928,0.02
9825587147,0.03
4036794227,0.02
2218379829,0.04
7512939712,0.01
5272775491,0.03
5212622412,0.05
6790993796,0.01
7037738267,0.02
5453900865,0.03
9689132071,0.02
8505358308,0.03
2080889121,0.04
5324303890,0.03
1153646245,0.03
5987343623,0.02
6437087843,0.03
9034476030,0.03
5237341586,0.04
6262406730,0.01
3604124507,0.05
9091820732,0.01
8054028656,0.05
1190991026,0.05
8060619971,0.02
2174988253,0.03
5739416368,0.03
1374911025,0.03
8629745384,0.03
3636121322,0.03
6881490104,0.02
8329831168,0.05
9975018223,0.04
6672486452,0.05
1114162415,0.05
8731050916,0.04
4876570075,0.05
2566006626,0.04
3100892851,0.02
1365073421,0.05
8153118868,0.04
1722080592,0.03
2092764952,0.01
4125588226,0.03
6873985648,0.04
7696877279,0.01
4126100101,0.04
9264272257,0.03
1890275169,0.03
3267202291,0.04
7656152763,0.05
2945196710,0.03
8160069107,0.02